logged_at,city,station,target_date,txn,xnd,market_bucket_label,market_price,confidence,raw_score,recommendation,outcome_win,actual_high,app_bucket_label,app_market_price,app_outcome_win,actual_winning_bucket,actual_winning_bucket_app,sigma_used,sigma_source,all_buckets_json,all_buckets_app_json,notes
2026-07-11T06:07:42.715660+00:00,LAX,KLAX,2026-07-12,75,1,74-75°F,0.445,0.993,4.9,GO,1,77.0,,,,,,,,,,latest TXN 75F is inside/above bucket | XND=1 -> favorable low dispersion | only 1 run(s) logged so far -- trend signal needs history to build up | gridpoint forecast 75.0F confirms NBM bucket side | 0.0F cushion from nearest bucket edge | market price 0.45 in 35-59% band
2026-07-11T06:07:43.019981+00:00,SFO,KSFO,2026-07-12,72,3,72-73°F,0.28,0.711,0.9,SKIP,0,76.0,,,,,,,,,,latest TXN 72F is inside/above bucket | XND=3 -> HARD SKIP (high dispersion) | only 1 run(s) logged so far -- trend signal needs history to build up | gridpoint forecast 72.0F confirms NBM bucket side | 0.0F cushion from nearest bucket edge | market price 0.28 outside 35-59% band
2026-07-11T06:07:43.238592+00:00,MIA,KMIA,2026-07-12,94,2,94-95°F,0.455,0.928,2.56,GO,1,94.0,,,,,,,,,,latest TXN 94F is inside/above bucket | XND=2 -> favorable low dispersion | only 1 run(s) logged so far -- trend signal needs history to build up | gridpoint forecast 93.0F contradicts NBM bucket side | 0.0F cushion from nearest bucket edge | market price 0.46 in 35-59% band
2026-07-11T06:07:43.495629+00:00,ORD,KORD,2026-07-12,82,1,82-83°F,0.11,0.984,4.1,GO,0,87.0,,,,,,,,,,latest TXN 82F is inside/above bucket | XND=1 -> favorable low dispersion | only 1 run(s) logged so far -- trend signal needs history to build up | gridpoint forecast 84.0F confirms NBM bucket side | 0.0F cushion from nearest bucket edge | market price 0.11 outside 35-59% band
2026-07-11T06:07:43.780600+00:00,LGA,KLGA,2026-07-12,82,3,82-83°F,0.255,0.711,0.9,SKIP,0,85.0,,,,,,,,,,latest TXN 82F is inside/above bucket | XND=3 -> HARD SKIP (high dispersion) | only 1 run(s) logged so far -- trend signal needs history to build up | gridpoint forecast 82.0F confirms NBM bucket side | 0.0F cushion from nearest bucket edge | market price 0.26 outside 35-59% band
2026-07-11T06:18:11.537949+00:00,LAX,KLAX,2026-07-12,75,1,74-75°F,0.425,0.993,4.9,GO,1,77.0,,,,,,,,,,latest TXN 75F is inside/above bucket | XND=1 -> favorable low dispersion | only 1 run(s) logged so far -- trend signal needs history to build up | gridpoint forecast 75.0F confirms NBM bucket side | 0.0F cushion from nearest bucket edge | market price 0.42 in 35-59% band
2026-07-11T06:18:11.646841+00:00,SFO,KSFO,2026-07-12,72,3,72-73°F,0.28,0.711,0.9,SKIP,0,76.0,,,,,,,,,,latest TXN 72F is inside/above bucket | XND=3 -> HARD SKIP (high dispersion) | only 1 run(s) logged so far -- trend signal needs history to build up | gridpoint forecast 72.0F confirms NBM bucket side | 0.0F cushion from nearest bucket edge | market price 0.28 outside 35-59% band
2026-07-11T06:18:11.750205+00:00,MIA,KMIA,2026-07-12,94,2,94-95°F,0.455,0.928,2.56,GO,1,94.0,,,,,,,,,,latest TXN 94F is inside/above bucket | XND=2 -> favorable low dispersion | only 1 run(s) logged so far -- trend signal needs history to build up | gridpoint forecast 93.0F contradicts NBM bucket side | 0.0F cushion from nearest bucket edge | market price 0.46 in 35-59% band
2026-07-11T06:18:11.849069+00:00,ORD,KORD,2026-07-12,82,1,82-83°F,0.085,0.984,4.1,GO,0,87.0,,,,,,,,,,latest TXN 82F is inside/above bucket | XND=1 -> favorable low dispersion | only 1 run(s) logged so far -- trend signal needs history to build up | gridpoint forecast 84.0F confirms NBM bucket side | 0.0F cushion from nearest bucket edge | market price 0.09 outside 35-59% band
2026-07-11T06:18:11.972125+00:00,LGA,KLGA,2026-07-12,82,3,82-83°F,0.255,0.711,0.9,SKIP,0,85.0,,,,,,,,,,latest TXN 82F is inside/above bucket | XND=3 -> HARD SKIP (high dispersion) | only 1 run(s) logged so far -- trend signal needs history to build up | gridpoint forecast 82.0F confirms NBM bucket side | 0.0F cushion from nearest bucket edge | market price 0.26 outside 35-59% band
2026-07-11T06:41:19.679090+00:00,LAX,KLAX,2026-07-12,75,1,74-75°F,0.38,0.993,4.9,GO,1,77.0,,,,,,,,,,latest TXN 75F is inside/above bucket | XND=1 -> favorable low dispersion | only 1 run(s) logged so far -- trend signal needs history to build up | gridpoint forecast 75.0F confirms NBM bucket side | 0.0F cushion from nearest bucket edge | market price 0.38 in 35-59% band
2026-07-11T06:41:19.794643+00:00,SFO,KSFO,2026-07-12,72,3,72-73°F,0.27,0.711,0.9,SKIP,0,76.0,,,,,,,,,,latest TXN 72F is inside/above bucket | XND=3 -> HARD SKIP (high dispersion) | only 1 run(s) logged so far -- trend signal needs history to build up | gridpoint forecast 72.0F confirms NBM bucket side | 0.0F cushion from nearest bucket edge | market price 0.27 outside 35-59% band
2026-07-11T06:41:19.940832+00:00,MIA,KMIA,2026-07-12,94,2,94-95°F,0.455,0.928,2.56,GO,1,94.0,,,,,,,,,,latest TXN 94F is inside/above bucket | XND=2 -> favorable low dispersion | only 1 run(s) logged so far -- trend signal needs history to build up | gridpoint forecast 93.0F contradicts NBM bucket side | 0.0F cushion from nearest bucket edge | market price 0.46 in 35-59% band
2026-07-11T06:41:20.098551+00:00,ORD,KORD,2026-07-12,82,1,82-83°F,0.11,0.984,4.1,GO,0,87.0,,,,,,,,,,latest TXN 82F is inside/above bucket | XND=1 -> favorable low dispersion | only 1 run(s) logged so far -- trend signal needs history to build up | gridpoint forecast 84.0F confirms NBM bucket side | 0.0F cushion from nearest bucket edge | market price 0.11 outside 35-59% band
2026-07-11T06:41:20.237257+00:00,LGA,KLGA,2026-07-12,82,3,82-83°F,0.255,0.711,0.9,SKIP,0,85.0,,,,,,,,,,latest TXN 82F is inside/above bucket | XND=3 -> HARD SKIP (high dispersion) | only 1 run(s) logged so far -- trend signal needs history to build up | gridpoint forecast 82.0F confirms NBM bucket side | 0.0F cushion from nearest bucket edge | market price 0.26 outside 35-59% band
2026-07-11T07:00:22.748724+00:00,LAX,KLAX,2026-07-12,75,1,74-75°F,0.43,0.993,4.9,GO,1,77.0,,,,,,,,,,latest TXN 75F is inside/above bucket | XND=1 -> favorable low dispersion | only 1 run(s) logged so far -- trend signal needs history to build up | gridpoint forecast 75.0F confirms NBM bucket side | 0.0F cushion from nearest bucket edge | market price 0.43 in 35-59% band
2026-07-11T07:00:22.867170+00:00,SFO,KSFO,2026-07-12,72,3,72-73°F,0.285,0.711,0.9,SKIP,0,76.0,,,,,,,,,,latest TXN 72F is inside/above bucket | XND=3 -> HARD SKIP (high dispersion) | only 1 run(s) logged so far -- trend signal needs history to build up | gridpoint forecast 72.0F confirms NBM bucket side | 0.0F cushion from nearest bucket edge | market price 0.28 outside 35-59% band
2026-07-11T07:00:22.975815+00:00,MIA,KMIA,2026-07-12,94,2,94-95°F,0.395,0.928,2.56,GO,1,94.0,,,,,,,,,,latest TXN 94F is inside/above bucket | XND=2 -> favorable low dispersion | only 1 run(s) logged so far -- trend signal needs history to build up | gridpoint forecast 93.0F contradicts NBM bucket side | 0.0F cushion from nearest bucket edge | market price 0.40 in 35-59% band
2026-07-11T07:00:23.076315+00:00,ORD,KORD,2026-07-12,82,1,82-83°F,0.1,0.984,4.1,GO,0,87.0,,,,,,,,,,latest TXN 82F is inside/above bucket | XND=1 -> favorable low dispersion | only 1 run(s) logged so far -- trend signal needs history to build up | gridpoint forecast 84.0F confirms NBM bucket side | 0.0F cushion from nearest bucket edge | market price 0.10 outside 35-59% band
2026-07-11T07:00:23.182308+00:00,LGA,KLGA,2026-07-12,82,3,82-83°F,0.265,0.711,0.9,SKIP,0,85.0,,,,,,,,,,latest TXN 82F is inside/above bucket | XND=3 -> HARD SKIP (high dispersion) | only 1 run(s) logged so far -- trend signal needs history to build up | gridpoint forecast 82.0F confirms NBM bucket side | 0.0F cushion from nearest bucket edge | market price 0.27 outside 35-59% band
2026-07-11T07:03:01.954976+00:00,LAX,KLAX,2026-07-12,75,1,74-75°F,0.43,0.993,4.9,GO,1,77.0,,,,,,,,,,latest TXN 75F is inside/above bucket | XND=1 -> favorable low dispersion | only 1 run(s) logged so far -- trend signal needs history to build up | gridpoint forecast 75.0F confirms NBM bucket side | 0.0F cushion from nearest bucket edge | market price 0.43 in 35-59% band
2026-07-11T07:03:02.083008+00:00,SFO,KSFO,2026-07-12,72,3,72-73°F,0.285,0.711,0.9,SKIP,0,76.0,,,,,,,,,,latest TXN 72F is inside/above bucket | XND=3 -> HARD SKIP (high dispersion) | only 1 run(s) logged so far -- trend signal needs history to build up | gridpoint forecast 72.0F confirms NBM bucket side | 0.0F cushion from nearest bucket edge | market price 0.28 outside 35-59% band
2026-07-11T07:03:02.211984+00:00,MIA,KMIA,2026-07-12,94,2,94-95°F,0.395,0.928,2.56,GO,1,94.0,,,,,,,,,,latest TXN 94F is inside/above bucket | XND=2 -> favorable low dispersion | only 1 run(s) logged so far -- trend signal needs history to build up | gridpoint forecast 93.0F contradicts NBM bucket side | 0.0F cushion from nearest bucket edge | market price 0.40 in 35-59% band
2026-07-11T07:03:02.331206+00:00,ORD,KORD,2026-07-12,82,1,82-83°F,0.1,0.984,4.1,GO,0,87.0,,,,,,,,,,latest TXN 82F is inside/above bucket | XND=1 -> favorable low dispersion | only 1 run(s) logged so far -- trend signal needs history to build up | gridpoint forecast 84.0F confirms NBM bucket side | 0.0F cushion from nearest bucket edge | market price 0.10 outside 35-59% band
2026-07-11T07:03:02.507965+00:00,LGA,KLGA,2026-07-12,82,3,82-83°F,0.265,0.711,0.9,SKIP,0,85.0,,,,,,,,,,latest TXN 82F is inside/above bucket | XND=3 -> HARD SKIP (high dispersion) | only 1 run(s) logged so far -- trend signal needs history to build up | gridpoint forecast 82.0F confirms NBM bucket side | 0.0F cushion from nearest bucket edge | market price 0.27 outside 35-59% band
2026-07-11T14:24:37.303784+00:00,LAX,KLAX,2026-07-12,75,1,74-75°F,0.535,0.993,4.9,GO,1,77.0,,,,,,,,,,latest TXN 75F is inside/above bucket | XND=1 -> favorable low dispersion | only 1 run(s) logged so far -- trend signal needs history to build up | gridpoint forecast 75.0F confirms NBM bucket side | 0.0F cushion from nearest bucket edge | market price 0.54 in 35-59% band
2026-07-11T14:24:37.408698+00:00,SFO,KSFO,2026-07-12,72,3,72-73°F,0.15,0.711,0.9,SKIP,0,76.0,,,,,,,,,,latest TXN 72F is inside/above bucket | XND=3 -> HARD SKIP (high dispersion) | only 1 run(s) logged so far -- trend signal needs history to build up | gridpoint forecast 72.0F confirms NBM bucket side | 0.0F cushion from nearest bucket edge | market price 0.15 outside 35-59% band
2026-07-11T14:24:37.504422+00:00,MIA,KMIA,2026-07-12,94,2,94-95°F,0.345,0.853,1.76,GO,1,94.0,,,,,,,,,,latest TXN 94F is inside/above bucket | XND=2 -> favorable low dispersion | only 1 run(s) logged so far -- trend signal needs history to build up | gridpoint forecast 93.0F contradicts NBM bucket side | 0.0F cushion from nearest bucket edge | market price 0.34 outside 35-59% band
2026-07-11T14:24:37.611140+00:00,ORD,KORD,2026-07-12,82,1,82-83°F,0.085,0.984,4.1,GO,0,87.0,,,,,,,,,,latest TXN 82F is inside/above bucket | XND=1 -> favorable low dispersion | only 1 run(s) logged so far -- trend signal needs history to build up | gridpoint forecast 84.0F confirms NBM bucket side | 0.0F cushion from nearest bucket edge | market price 0.09 outside 35-59% band
2026-07-11T14:24:37.732876+00:00,LGA,KLGA,2026-07-12,82,3,82-83°F,0.255,0.711,0.9,SKIP,0,85.0,,,,,,,,,,latest TXN 82F is inside/above bucket | XND=3 -> HARD SKIP (high dispersion) | only 1 run(s) logged so far -- trend signal needs history to build up | gridpoint forecast 82.0F confirms NBM bucket side | 0.0F cushion from nearest bucket edge | market price 0.26 outside 35-59% band
2026-07-11T14:24:57.986497+00:00,LAX,KLAX,2026-07-11,75,1,74-75°F,0.665,0.984,4.1,GO,1,77.0,,,,,,,,,,latest TXN 75F is inside/above bucket | XND=1 -> favorable low dispersion | only 1 run(s) logged so far -- trend signal needs history to build up | gridpoint forecast 75.0F confirms NBM bucket side | 0.0F cushion from nearest bucket edge | market price 0.67 outside 35-59% band
2026-07-11T14:24:58.117373+00:00,SFO,KSFO,2026-07-11,72,3,72-73°F,0.185,0.711,0.9,SKIP,0,67.0,,,,,,,,,,latest TXN 72F is inside/above bucket | XND=3 -> HARD SKIP (high dispersion) | only 1 run(s) logged so far -- trend signal needs history to build up | gridpoint forecast 72.0F confirms NBM bucket side | 0.0F cushion from nearest bucket edge | market price 0.18 outside 35-59% band
2026-07-11T14:24:58.251108+00:00,MIA,KMIA,2026-07-11,94,2,94-95°F,0.0555,0.853,1.76,GO,0,91.0,,,,,,,,,,latest TXN 94F is inside/above bucket | XND=2 -> favorable low dispersion | only 1 run(s) logged so far -- trend signal needs history to build up | gridpoint forecast 93.0F contradicts NBM bucket side | 0.0F cushion from nearest bucket edge | market price 0.06 outside 35-59% band
2026-07-11T14:24:58.380942+00:00,ORD,KORD,2026-07-11,82,1,82-83°F,0.67,0.984,4.1,GO,1,82.0,,,,,,,,,,latest TXN 82F is inside/above bucket | XND=1 -> favorable low dispersion | only 1 run(s) logged so far -- trend signal needs history to build up | gridpoint forecast 84.0F confirms NBM bucket side | 0.0F cushion from nearest bucket edge | market price 0.67 outside 35-59% band
2026-07-11T14:24:58.519262+00:00,LGA,KLGA,2026-07-11,83,3,82-83°F,0.215,0.711,0.9,SKIP,1,83.0,,,,,,,,,,latest TXN 83F is inside/above bucket | XND=3 -> HARD SKIP (high dispersion) | only 1 run(s) logged so far -- trend signal needs history to build up | gridpoint forecast 82.0F confirms NBM bucket side | 0.0F cushion from nearest bucket edge | market price 0.21 outside 35-59% band
2026-07-12T04:25:45.887314+00:00,LAX,KLAX,2026-07-13,75,1,74-75°F,0.335,0.997,5.9,GO,1,75.0,,,,,,,,,,latest TXN 75F is inside/above bucket | XND=1 -> favorable low dispersion | NBM run-to-run spread 0.0F over 2 runs | gridpoint forecast 76.0F confirms NBM bucket side | 0.0F cushion from nearest bucket edge | market price 0.34 outside 35-59% band
2026-07-12T04:25:46.032574+00:00,SFO,KSFO,2026-07-13,77,3,76-77°F,0.325,0.455,-0.18,SKIP,1,79.0,,,,,,,,,,latest TXN 77F is inside/above bucket | XND=3 -> HARD SKIP (high dispersion) | NBM run-to-run spread 5.0F over 2 runs | gridpoint forecast 76.0F confirms NBM bucket side | 0.0F cushion from nearest bucket edge | market price 0.33 outside 35-59% band
2026-07-12T04:25:46.147452+00:00,MIA,KMIA,2026-07-13,95,2,94-95°F,0.44,0.999,6.7,GO,0,93.0,,,,,,,,,,latest TXN 95F is inside/above bucket | XND=2 -> favorable low dispersion | NBM run-to-run spread 1.0F over 2 runs | gridpoint forecast 94.0F confirms NBM bucket side | 0.0F cushion from nearest bucket edge | market price 0.44 in 35-59% band
2026-07-12T04:25:46.301524+00:00,ORD,KORD,2026-07-13,86,2,,,0.627,0.52,WATCH,,93.0,,,,,,,,,,can't check TXN position -- missing: market bucket | XND=2 -> favorable low dispersion | NBM run-to-run spread 4.0F over 2 runs | can't check gridpoint agreement -- missing: market bucket | can't calc margin to edge -- missing: market bucket | no market price data
2026-07-12T04:25:46.426596+00:00,LGA,KLGA,2026-07-13,85,2,84-85°F,0.395,0.996,5.62,GO,1,85.0,,,,,,,,,,latest TXN 85F is inside/above bucket | XND=2 -> favorable low dispersion | NBM run-to-run spread 2.0F over 2 runs | gridpoint forecast 85.0F confirms NBM bucket side | 0.0F cushion from nearest bucket edge | market price 0.40 in 35-59% band
2026-07-12T14:36:40.824696+00:00,LAX,KLAX,2026-07-12,75,1,74-75°F,0.33,0.997,5.9,GO,1,77.0,,,,,,,,,,latest TXN 75F is inside/above bucket | XND=1 -> favorable low dispersion | NBM run-to-run spread 0.0F over 2 runs | gridpoint forecast 76.0F confirms NBM bucket side | 0.0F cushion from nearest bucket edge | market price 0.33 outside 35-59% band
2026-07-12T14:36:41.054870+00:00,SFO,KSFO,2026-07-12,77,3,76-77°F,0.125,0.455,-0.18,SKIP,0,76.0,,,,,,,,,,latest TXN 77F is inside/above bucket | XND=3 -> HARD SKIP (high dispersion) | NBM run-to-run spread 5.0F over 2 runs | gridpoint forecast 77.0F confirms NBM bucket side | 0.0F cushion from nearest bucket edge | market price 0.12 outside 35-59% band
2026-07-12T14:36:41.348790+00:00,MIA,KMIA,2026-07-12,95,1,94-95°F,0.35,0.999,6.7,GO,1,94.0,,,,,,,,,,latest TXN 95F is inside/above bucket | XND=1 -> favorable low dispersion | NBM run-to-run spread 1.0F over 2 runs | gridpoint forecast 95.0F confirms NBM bucket side | 0.0F cushion from nearest bucket edge | market price 0.35 in 35-59% band
2026-07-12T14:36:41.600689+00:00,ORD,KORD,2026-07-12,86,2,86-87°F,0.47,0.979,3.82,GO,1,87.0,,,,,,,,,,latest TXN 86F is inside/above bucket | XND=2 -> favorable low dispersion | NBM run-to-run spread 4.0F over 2 runs | gridpoint forecast 86.0F confirms NBM bucket side | 0.0F cushion from nearest bucket edge | market price 0.47 in 35-59% band
2026-07-12T14:36:41.819382+00:00,LGA,KLGA,2026-07-12,84,2,84-85°F,0.395,0.999,6.7,GO,1,85.0,,,,,,,,,,latest TXN 84F is inside/above bucket | XND=2 -> favorable low dispersion | NBM run-to-run spread 1.0F over 2 runs | gridpoint forecast 85.0F confirms NBM bucket side | 0.0F cushion from nearest bucket edge | market price 0.40 in 35-59% band
2026-07-13T02:36:06.876049+00:00,LAX,KLAX,2026-07-13,76,1,76-77°F,0.445,0.987,4.36,GO,0,75.0,,,,,,,,,,latest TXN 76F is inside/above bucket | XND=1 -> favorable low dispersion | NBM run-to-run spread 1.0F over 3 runs | gridpoint forecast 73.0F contradicts NBM bucket side | 0.0F cushion from nearest bucket edge | market price 0.45 in 35-59% band
2026-07-13T02:36:07.029117+00:00,SFO,KSFO,2026-07-13,81,3,80-81°F,0.0465,0.455,-0.18,SKIP,0,79.0,,,,,,,,,,latest TXN 81F is inside/above bucket | XND=3 -> HARD SKIP (high dispersion) | NBM run-to-run spread 9.0F over 3 runs | gridpoint forecast 82.0F confirms NBM bucket side | 0.0F cushion from nearest bucket edge | market price 0.05 outside 35-59% band
2026-07-13T02:36:07.150107+00:00,MIA,KMIA,2026-07-13,95,1,94-95°F,0.39,0.999,6.7,GO,0,93.0,,,,,,,,,,latest TXN 95F is inside/above bucket | XND=1 -> favorable low dispersion | NBM run-to-run spread 1.0F over 3 runs | gridpoint forecast 95.0F confirms NBM bucket side | 0.0F cushion from nearest bucket edge | market price 0.39 in 35-59% band
2026-07-13T02:36:07.264701+00:00,ORD,KORD,2026-07-13,93,2,92-93°F,0.48,0.979,3.82,GO,1,93.0,,,,,,,,,,latest TXN 93F is inside/above bucket | XND=2 -> favorable low dispersion | NBM run-to-run spread 11.0F over 3 runs | gridpoint forecast 94.0F confirms NBM bucket side | 0.0F cushion from nearest bucket edge | market price 0.48 in 35-59% band
2026-07-13T02:36:07.410035+00:00,LGA,KLGA,2026-07-13,87,2,86-87°F,0.345,0.953,3.02,GO,0,85.0,,,,,,,,,,latest TXN 87F is inside/above bucket | XND=2 -> favorable low dispersion | NBM run-to-run spread 4.0F over 3 runs | gridpoint forecast 86.0F confirms NBM bucket side | 0.0F cushion from nearest bucket edge | market price 0.34 outside 35-59% band
2026-07-14T19:42:19.356023+00:00,LAX,KLAX,2026-07-14,68,2,68-69°F,0.0005,0.953,3.02,GO,0,77.0,≤73°F,0.01,,,,,,,,latest TXN 68F is inside/above bucket | XND=2 -> favorable low dispersion | NBM run-to-run spread 8.0F over 3 runs | gridpoint forecast 76.0F confirms NBM bucket side | 0.0F cushion from nearest bucket edge | market price 0.00 outside 35-59% band
2026-07-14T19:42:19.498633+00:00,SFO,KSFO,2026-07-14,59,2,,,0.627,0.52,WATCH,,83.0,≤73°F,0.01,,,,,,,,can't check TXN position -- missing: market bucket | XND=2 -> favorable low dispersion | NBM run-to-run spread 22.0F over 3 runs | can't check gridpoint agreement -- missing: market bucket | can't calc margin to edge -- missing: market bucket | no market price data
2026-07-14T19:42:19.646324+00:00,MIA,KMIA,2026-07-14,80,2,,,0.627,0.52,WATCH,,94.0,≤89°F,0.01,,,,,,,,can't check TXN position -- missing: market bucket | XND=2 -> favorable low dispersion | NBM run-to-run spread 15.0F over 3 runs | can't check gridpoint agreement -- missing: market bucket | can't calc margin to edge -- missing: market bucket | no market price data
2026-07-14T19:42:19.810764+00:00,ORD,KORD,2026-07-14,76,2,,,0.627,0.52,WATCH,,96.0,≤93°F,0.01,,,,,,,,can't check TXN position -- missing: market bucket | XND=2 -> favorable low dispersion | NBM run-to-run spread 17.0F over 3 runs | can't check gridpoint agreement -- missing: market bucket | can't calc margin to edge -- missing: market bucket | no market price data
2026-07-14T19:42:19.958575+00:00,LGA,KLGA,2026-07-14,81,2,,,0.627,0.52,WATCH,,93.0,≤89°F,0.27,,,,,,,,can't check TXN position -- missing: market bucket | XND=2 -> favorable low dispersion | NBM run-to-run spread 6.0F over 3 runs | can't check gridpoint agreement -- missing: market bucket | can't calc margin to edge -- missing: market bucket | no market price data
2026-07-13T15:24:07.006144+00:00,LAX,KLAX,2026-07-14,76,1,76-77°F,0.45,0.987,4.36,GO,1,77.0,,,,,,,,,,latest TXN 76F is inside/above bucket | XND=1 -> favorable low dispersion | NBM run-to-run spread 1.0F over 3 runs | gridpoint forecast 75.0F contradicts NBM bucket side | 0.0F cushion from nearest bucket edge | market price 0.45 in 35-59% band
2026-07-13T15:24:07.268984+00:00,SFO,KSFO,2026-07-14,81,3,80-81°F,0.06,0.455,-0.18,SKIP,1,83.0,,,,,,,,,,latest TXN 81F is inside/above bucket | XND=3 -> HARD SKIP (high dispersion) | NBM run-to-run spread 9.0F over 3 runs | gridpoint forecast 81.0F confirms NBM bucket side | 0.0F cushion from nearest bucket edge | market price 0.06 outside 35-59% band
2026-07-13T15:24:07.480220+00:00,MIA,KMIA,2026-07-14,95,1,94-95°F,0.52,0.999,6.7,GO,1,94.0,,,,,,,,,,latest TXN 95F is inside/above bucket | XND=1 -> favorable low dispersion | NBM run-to-run spread 1.0F over 3 runs | gridpoint forecast 95.0F confirms NBM bucket side | 0.0F cushion from nearest bucket edge | market price 0.52 in 35-59% band
2026-07-13T15:24:07.702778+00:00,ORD,KORD,2026-07-14,93,2,,,0.627,0.52,WATCH,,96.0,,,,,,,,,,can't check TXN position -- missing: market bucket | XND=2 -> favorable low dispersion | NBM run-to-run spread 11.0F over 3 runs | can't check gridpoint agreement -- missing: market bucket | can't calc margin to edge -- missing: market bucket | no market price data
2026-07-13T15:24:08.321514+00:00,LGA,KLGA,2026-07-14,87,2,,,0.627,0.52,WATCH,,93.0,,,,,,,,,,can't check TXN position -- missing: market bucket | XND=2 -> favorable low dispersion | NBM run-to-run spread 4.0F over 3 runs | can't check gridpoint agreement -- missing: market bucket | can't calc margin to edge -- missing: market bucket | no market price data
2026-07-13T15:48:56.658791+00:00,LAX,KLAX,2026-07-13,76,1,76-77°F,0.425,0.987,4.36,GO,0,75.0,,,,,,,,,,latest TXN 76F is inside/above bucket | XND=1 -> favorable low dispersion | NBM run-to-run spread 1.0F over 3 runs | gridpoint forecast 75.0F contradicts NBM bucket side | 0.0F cushion from nearest bucket edge | market price 0.42 in 35-59% band
2026-07-13T15:48:56.814753+00:00,SFO,KSFO,2026-07-13,80,3,80-81°F,0.043,0.455,-0.18,SKIP,0,79.0,,,,,,,,,,latest TXN 80F is inside/above bucket | XND=3 -> HARD SKIP (high dispersion) | NBM run-to-run spread 8.0F over 3 runs | gridpoint forecast 81.0F confirms NBM bucket side | 0.0F cushion from nearest bucket edge | market price 0.04 outside 35-59% band
2026-07-13T15:48:56.992724+00:00,MIA,KMIA,2026-07-13,95,1,94-95°F,0.485,0.999,6.7,GO,0,93.0,,,,,,,,,,latest TXN 95F is inside/above bucket | XND=1 -> favorable low dispersion | NBM run-to-run spread 1.0F over 3 runs | gridpoint forecast 95.0F confirms NBM bucket side | 0.0F cushion from nearest bucket edge | market price 0.48 in 35-59% band
2026-07-13T15:48:57.177002+00:00,ORD,KORD,2026-07-13,94,2,94-95°F,0.275,0.953,3.02,GO,0,93.0,,,,,,,,,,latest TXN 94F is inside/above bucket | XND=2 -> favorable low dispersion | NBM run-to-run spread 12.0F over 3 runs | gridpoint forecast 94.0F confirms NBM bucket side | 0.0F cushion from nearest bucket edge | market price 0.28 outside 35-59% band
2026-07-13T15:48:57.534573+00:00,LGA,KLGA,2026-07-13,86,2,86-87°F,0.26,0.953,3.02,GO,0,85.0,,,,,,,,,,latest TXN 86F is inside/above bucket | XND=2 -> favorable low dispersion | NBM run-to-run spread 3.0F over 3 runs | gridpoint forecast 86.0F confirms NBM bucket side | 0.0F cushion from nearest bucket edge | market price 0.26 outside 35-59% band
2026-07-15T02:13:18.664217+00:00,LAX,KLAX,2026-07-15,81,2,80-81°F,0.525,0.979,3.82,GO,1,81.0,80-81°F,0.46,1,,,,,,,latest TXN 81F is inside/above bucket | XND=2 -> favorable low dispersion | NBM run-to-run spread 13.0F over 3 runs | gridpoint forecast 81.0F confirms NBM bucket side | 0.0F cushion from nearest bucket edge | market price 0.53 in 35-59% band
2026-07-15T02:13:18.976393+00:00,SFO,KSFO,2026-07-15,76,3,76-77°F,0.1305,0.074,-2.52,SKIP,0,74.0,75-76°F,0.33,0,,,,,,,latest TXN 76F is inside/above bucket | XND=3 -> HARD SKIP (high dispersion) | NBM run-to-run spread 22.0F over 3 runs | gridpoint forecast 75.0F contradicts NBM bucket side | 0.0F cushion from nearest bucket edge | market price 0.13 outside 35-59% band
2026-07-15T02:13:19.210778+00:00,MIA,KMIA,2026-07-15,95,1,94-95°F,0.575,0.979,3.82,GO,0,94.0,94-95°F,0.51,1,,,,,,,latest TXN 95F is inside/above bucket | XND=1 -> favorable low dispersion | NBM run-to-run spread 15.0F over 3 runs | gridpoint forecast 95.0F confirms NBM bucket side | 0.0F cushion from nearest bucket edge | market price 0.57 in 35-59% band
2026-07-15T02:13:19.508955+00:00,ORD,KORD,2026-07-15,96,2,96-97°F,0.375,0.979,3.82,GO,0,95.0,96-97°F,0.42,0,,,,,,,latest TXN 96F is inside/above bucket | XND=2 -> favorable low dispersion | NBM run-to-run spread 20.0F over 3 runs | gridpoint forecast 96.0F confirms NBM bucket side | 0.0F cushion from nearest bucket edge | market price 0.38 in 35-59% band
2026-07-15T02:13:19.948345+00:00,LGA,KLGA,2026-07-15,100,2,100-101°F,0.185,0.664,0.68,WATCH,0,98.0,99-100°F,0.08,0,,,,,,,latest TXN 100F is inside/above bucket | XND=2 -> favorable low dispersion | NBM run-to-run spread 19.0F over 3 runs | gridpoint forecast 99.0F contradicts NBM bucket side | 0.0F cushion from nearest bucket edge | market price 0.18 outside 35-59% band
2026-07-16T15:19:22.631098+00:00,LAX,KLAX,2026-07-16,80.0,3,80-81°F,0.465,0.65,0.62,SKIP,0,84.0,79-80°F,0.05,0,,,,,,,latest TXN 80.0F is inside/above bucket | XND=3 -> HARD SKIP (high dispersion) | NBM run-to-run spread 12.0F over 3 runs | gridpoint forecast 81.0F confirms NBM bucket side | 0.0F cushion from nearest bucket edge | market price 0.47 in 35-59% band
2026-07-16T15:19:22.792664+00:00,SFO,KSFO,2026-07-16,70.0,2,70-71°F,0.23,0.953,3.02,GO,0,69.0,70-71°F,0.33,0,,,,,,,latest TXN 70.0F is inside/above bucket | XND=2 -> favorable low dispersion | NBM run-to-run spread 11.0F over 3 runs | gridpoint forecast 70.0F confirms NBM bucket side | 0.0F cushion from nearest bucket edge | market price 0.23 outside 35-59% band
2026-07-16T15:19:23.017245+00:00,MIA,KMIA,2026-07-16,96.0,2,96-97°F,0.2995,0.953,3.02,GO,1,97.0,96-97°F,0.35,1,,,,,,,latest TXN 96.0F is inside/above bucket | XND=2 -> favorable low dispersion | NBM run-to-run spread 16.0F over 3 runs | gridpoint forecast 96.0F confirms NBM bucket side | 0.0F cushion from nearest bucket edge | market price 0.30 outside 35-59% band
2026-07-16T15:19:23.285883+00:00,ORD,KORD,2026-07-16,91.0,3,90-91°F,0.395,0.65,0.62,SKIP,1,91.0,≤91°F,0.73,,,,,,,,latest TXN 91.0F is inside/above bucket | XND=3 -> HARD SKIP (high dispersion) | NBM run-to-run spread 15.0F over 3 runs | gridpoint forecast 91.0F confirms NBM bucket side | 0.0F cushion from nearest bucket edge | market price 0.40 in 35-59% band
2026-07-16T15:19:23.532713+00:00,LGA,KLGA,2026-07-16,95.0,3,94-95°F,0.05,0.074,-2.52,SKIP,0,88.0,95-96°F,0.01,0,,,,,,,latest TXN 95.0F is inside/above bucket | XND=3 -> HARD SKIP (high dispersion) | NBM run-to-run spread 14.0F over 3 runs | gridpoint forecast 92.0F contradicts NBM bucket side | 0.0F cushion from nearest bucket edge | market price 0.05 outside 35-59% band
2026-07-17T14:59:46.335868+00:00,LAX,KLAX,2026-07-17,78.0,2,78-79°F,0.325,0.664,0.68,WATCH,0,86.0,77-78°F,0.08,0,86-87°F,≥81°F,,,,,latest TXN 78.0F is inside/above bucket | XND=2 -> favorable low dispersion | NBM run-to-run spread 3.0F over 3 runs | gridpoint forecast 75.0F contradicts NBM bucket side | 0.0F cushion from nearest bucket edge | market price 0.33 outside 35-59% band
2026-07-17T14:59:46.560132+00:00,SFO,KSFO,2026-07-17,68.0,2,68-69°F,0.145,0.953,3.02,GO,0,68.0,68-69°F,0.31,1,66-67°F,68-69°F,,,,,latest TXN 68.0F is inside/above bucket | XND=2 -> favorable low dispersion | NBM run-to-run spread 3.0F over 3 runs | gridpoint forecast 68.0F confirms NBM bucket side | 0.0F cushion from nearest bucket edge | market price 0.14 outside 35-59% band
2026-07-17T14:59:46.835864+00:00,MIA,KMIA,2026-07-17,95.0,1,94-95°F,0.465,0.999,6.7,GO,0,94.0,94-95°F,0.51,1,92-93°F,94-95°F,,,,,latest TXN 95.0F is inside/above bucket | XND=1 -> favorable low dispersion | NBM run-to-run spread 1.0F over 3 runs | gridpoint forecast 95.0F confirms NBM bucket side | 0.0F cushion from nearest bucket edge | market price 0.47 in 35-59% band
2026-07-17T14:59:47.028976+00:00,ORD,KORD,2026-07-17,91.0,2,90-91°F,0.485,0.999,6.7,GO,0,92.0,91-92°F,0.32,0,92-93°F,,,,,,latest TXN 91.0F is inside/above bucket | XND=2 -> favorable low dispersion | NBM run-to-run spread 0.0F over 3 runs | gridpoint forecast 91.0F confirms NBM bucket side | 0.0F cushion from nearest bucket edge | market price 0.48 in 35-59% band
2026-07-17T14:59:47.264787+00:00,LGA,KLGA,2026-07-17,88.0,2,88-89°F,0.27,0.953,3.02,GO,0,88.0,87-88°F,0.3,0,86-87°F,85-86°F,,,,,latest TXN 88.0F is inside/above bucket | XND=2 -> favorable low dispersion | NBM run-to-run spread 7.0F over 3 runs | gridpoint forecast 89.0F confirms NBM bucket side | 0.0F cushion from nearest bucket edge | market price 0.27 outside 35-59% band
2026-07-18T14:36:11.424319+00:00,LAX,KLAX,2026-07-18,77.0,1,76-77°F,0.2,0.972,3.56,GO,0,78.0,76-77°F,0.06,0,78-79°F,,,,,,latest TXN 77.0F is inside/above bucket | XND=1 -> favorable low dispersion | NBM run-to-run spread 1.0F over 3 runs | gridpoint forecast 73.0F contradicts NBM bucket side | 0.0F cushion from nearest bucket edge | market price 0.20 outside 35-59% band
2026-07-18T14:36:11.629512+00:00,SFO,KSFO,2026-07-18,69.0,2,68-69°F,0.345,0.992,4.82,GO,0,72.0,69-70°F,0.36,0,70-71°F,71-72°F,,,,,latest TXN 69.0F is inside/above bucket | XND=2 -> favorable low dispersion | NBM run-to-run spread 2.0F over 3 runs | gridpoint forecast 69.0F confirms NBM bucket side | 0.0F cushion from nearest bucket edge | market price 0.34 outside 35-59% band
2026-07-18T14:36:11.964886+00:00,MIA,KMIA,2026-07-18,92.0,1,92-93°F,0.19,0.664,0.68,WATCH,0,91.0,92-93°F,0.45,0,90-91°F,90-91°F,,,,,latest TXN 92.0F is inside/above bucket | XND=1 -> favorable low dispersion | NBM run-to-run spread 3.0F over 3 runs | gridpoint forecast 91.0F contradicts NBM bucket side | 0.0F cushion from nearest bucket edge | market price 0.19 outside 35-59% band
2026-07-18T14:36:12.162104+00:00,ORD,KORD,2026-07-18,90.0,2,90-91°F,0.15,0.997,5.9,GO,1,91.0,89-90°F,0.37,0,90-91°F,91-92°F,,,,,latest TXN 90.0F is inside/above bucket | XND=2 -> favorable low dispersion | NBM run-to-run spread 1.0F over 3 runs | gridpoint forecast 90.0F confirms NBM bucket side | 0.0F cushion from nearest bucket edge | market price 0.15 outside 35-59% band
2026-07-18T14:36:12.425448+00:00,LGA,KLGA,2026-07-18,83.0,3,82-83°F,0.17,0.455,-0.18,SKIP,0,80.0,83-84°F,0.03,0,80-81°F,≤78°F,,,,,latest TXN 83.0F is inside/above bucket | XND=3 -> HARD SKIP (high dispersion) | NBM run-to-run spread 7.0F over 3 runs | gridpoint forecast 82.0F confirms NBM bucket side | 0.0F cushion from nearest bucket edge | market price 0.17 outside 35-59% band
2026-07-19T14:39:46.016919+00:00,LAX,KLAX,2026-07-19,76.0,1,76-77°F,0.595,0.923,2.48,GO,1,78.0,75-76°F,0.03,0,76-77°F,77-78°F,,,,,latest TXN 76.0F is inside/above bucket | XND=1 -> favorable low dispersion | NBM run-to-run spread 2.0F over 3 runs | gridpoint forecast 75.0F contradicts NBM bucket side | 0.0F cushion from nearest bucket edge | market price 0.59 outside 35-59% band
2026-07-19T14:39:46.289015+00:00,SFO,KSFO,2026-07-19,70.0,3,70-71°F,0.115,0.835,1.62,SKIP,0,66.0,69-70°F,0.42,0,64-65°F,≤66°F,,,,,latest TXN 70.0F is inside/above bucket | XND=3 -> HARD SKIP (high dispersion) | NBM run-to-run spread 2.0F over 3 runs | gridpoint forecast 70.0F confirms NBM bucket side | 0.0F cushion from nearest bucket edge | market price 0.12 outside 35-59% band
2026-07-19T14:39:46.540577+00:00,MIA,KMIA,2026-07-19,93.0,1,92-93°F,0.645,0.953,3.02,GO,0,91.0,92-93°F,0.7,0,90-91°F,90-91°F,,,,,latest TXN 93.0F is inside/above bucket | XND=1 -> favorable low dispersion | NBM run-to-run spread 3.0F over 3 runs | gridpoint forecast 92.0F confirms NBM bucket side | 0.0F cushion from nearest bucket edge | market price 0.65 outside 35-59% band
2026-07-19T14:39:46.749342+00:00,ORD,KORD,2026-07-19,80.0,2,80-81°F,0.43,0.979,3.82,GO,0,80.0,80-81°F,0.56,0,78-79°F,78-79°F,,,,,latest TXN 80.0F is inside/above bucket | XND=2 -> favorable low dispersion | NBM run-to-run spread 11.0F over 3 runs | gridpoint forecast 81.0F confirms NBM bucket side | 0.0F cushion from nearest bucket edge | market price 0.43 in 35-59% band
2026-07-19T14:39:47.059052+00:00,LGA,KLGA,2026-07-19,82.0,3,82-83°F,0.3,0.455,-0.18,SKIP,0,83.0,82-83°F,0.28,0,80-81°F,≤79°F,,,,,latest TXN 82.0F is inside/above bucket | XND=3 -> HARD SKIP (high dispersion) | NBM run-to-run spread 6.0F over 3 runs | gridpoint forecast 84.0F confirms NBM bucket side | 0.0F cushion from nearest bucket edge | market price 0.30 outside 35-59% band
2026-07-20T15:31:11.545747+00:00,LAX,KLAX,2026-07-20,77.0,1,76-77°F,0.125,0.972,3.56,GO,0,83.0,77-78°F,0.13,0,80-81°F,,,,,,latest TXN 77.0F is inside/above bucket | XND=1 -> favorable low dispersion | NBM run-to-run spread 1.0F over 3 runs | gridpoint forecast 75.0F contradicts NBM bucket side | 0.0F cushion from nearest bucket edge | market price 0.12 outside 35-59% band
2026-07-20T15:31:11.699748+00:00,SFO,KSFO,2026-07-20,73.0,2,72-73°F,0.235,0.953,3.02,GO,0,72.0,73-74°F,0.14,0,70-71°F,71-72°F,,,,,latest TXN 73.0F is inside/above bucket | XND=2 -> favorable low dispersion | NBM run-to-run spread 4.0F over 3 runs | gridpoint forecast 73.0F confirms NBM bucket side | 0.0F cushion from nearest bucket edge | market price 0.23 outside 35-59% band
2026-07-20T15:31:11.870422+00:00,MIA,KMIA,2026-07-20,93.0,1,92-93°F,0.655,0.997,5.9,GO,1,93.0,93-94°F,0.43,1,92-93°F,93-94°F,,,,,latest TXN 93.0F is inside/above bucket | XND=1 -> favorable low dispersion | NBM run-to-run spread 1.0F over 3 runs | gridpoint forecast 93.0F confirms NBM bucket side | 0.0F cushion from nearest bucket edge | market price 0.66 outside 35-59% band
2026-07-20T15:31:12.038973+00:00,ORD,KORD,2026-07-20,86.0,2,86-87°F,0.11,0.953,3.02,GO,0,82.0,85-86°F,0.42,0,82-83°F,≤82°F,,,,,latest TXN 86.0F is inside/above bucket | XND=2 -> favorable low dispersion | NBM run-to-run spread 10.0F over 3 runs | gridpoint forecast 86.0F confirms NBM bucket side | 0.0F cushion from nearest bucket edge | market price 0.11 outside 35-59% band
2026-07-20T15:31:12.216951+00:00,LGA,KLGA,2026-07-20,82.0,2,82-83°F,0.285,0.997,5.9,GO,1,83.0,81-82°F,0.37,1,82-83°F,81-82°F,,,,,latest TXN 82.0F is inside/above bucket | XND=2 -> favorable low dispersion | NBM run-to-run spread 1.0F over 3 runs | gridpoint forecast 84.0F confirms NBM bucket side | 0.0F cushion from nearest bucket edge | market price 0.28 outside 35-59% band
2026-07-21T15:24:06.205969+00:00,LAX,KLAX,2026-07-21,79.0,2,78-79°F,0.305,0.664,0.68,WATCH,0,81.0,79-80°F,0.28,0,80-81°F,≥81°F,,,,,latest TXN 79.0F is inside/above bucket | XND=2 -> favorable low dispersion | NBM run-to-run spread 3.0F over 3 runs | gridpoint forecast 76.0F contradicts NBM bucket side | 0.0F cushion from nearest bucket edge | market price 0.30 outside 35-59% band
2026-07-21T15:24:06.428178+00:00,SFO,KSFO,2026-07-21,86.0,4,86-87°F,0.1635,0.455,-0.18,SKIP,0,92.0,≥83°F,0.75,,90-91°F,,,,,,latest TXN 86.0F is inside/above bucket | XND=4 -> HARD SKIP (high dispersion) | NBM run-to-run spread 16.0F over 3 runs | gridpoint forecast 86.0F confirms NBM bucket side | 0.0F cushion from nearest bucket edge | market price 0.16 outside 35-59% band
2026-07-21T15:24:06.687952+00:00,MIA,KMIA,2026-07-21,93.0,1,92-93°F,0.705,0.997,5.9,GO,0,92.0,93-94°F,0.58,0,90-91°F,,,,,,latest TXN 93.0F is inside/above bucket | XND=1 -> favorable low dispersion | NBM run-to-run spread 0.0F over 3 runs | gridpoint forecast 93.0F confirms NBM bucket side | 0.0F cushion from nearest bucket edge | market price 0.70 outside 35-59% band
2026-07-21T15:24:06.961962+00:00,ORD,KORD,2026-07-21,84.0,2,84-85°F,0.51,0.979,3.82,GO,0,87.0,84-85°F,0.35,0,86-87°F,86-87°F,,,,,latest TXN 84.0F is inside/above bucket | XND=2 -> favorable low dispersion | NBM run-to-run spread 6.0F over 3 runs | gridpoint forecast 86.0F confirms NBM bucket side | 0.0F cushion from nearest bucket edge | market price 0.51 in 35-59% band
2026-07-21T15:24:07.203359+00:00,LGA,KLGA,2026-07-21,82.0,3,82-83°F,0.245,0.937,2.7,SKIP,1,83.0,81-82°F,0.18,1,82-83°F,81-82°F,,,,,latest TXN 82.0F is inside/above bucket | XND=3 -> HARD SKIP (high dispersion) | NBM run-to-run spread 0.0F over 3 runs | gridpoint forecast 82.0F confirms NBM bucket side | 0.0F cushion from nearest bucket edge | market price 0.24 outside 35-59% band
2026-07-22T15:21:37.435525+00:00,LAX,KLAX,2026-07-22,78.0,2,78-79°F,0.455,0.996,5.62,GO,0,77.0,77-78°F,0.28,1,76-77°F,77-78°F,,,,,latest TXN 78.0F is inside/above bucket | XND=2 -> favorable low dispersion | NBM run-to-run spread 2.0F over 3 runs | gridpoint forecast 78.0F confirms NBM bucket side | 0.0F cushion from nearest bucket edge | market price 0.46 in 35-59% band
2026-07-22T15:21:37.685900+00:00,SFO,KSFO,2026-07-22,73.0,2,72-73°F,0.375,0.979,3.82,GO,1,74.0,≤73°F,0.61,,72-73°F,,,,,,latest TXN 73.0F is inside/above bucket | XND=2 -> favorable low dispersion | NBM run-to-run spread 13.0F over 3 runs | gridpoint forecast 73.0F confirms NBM bucket side | 0.0F cushion from nearest bucket edge | market price 0.38 in 35-59% band
2026-07-22T15:21:37.949396+00:00,MIA,KMIA,2026-07-22,93.0,1,92-93°F,0.555,0.999,6.7,GO,1,92.0,92-93°F,0.62,1,92-93°F,92-93°F,,,,,latest TXN 93.0F is inside/above bucket | XND=1 -> favorable low dispersion | NBM run-to-run spread 0.0F over 3 runs | gridpoint forecast 93.0F confirms NBM bucket side | 0.0F cushion from nearest bucket edge | market price 0.56 in 35-59% band
2026-07-22T15:21:38.117975+00:00,ORD,KORD,2026-07-22,74.0,2,74-75°F,0.275,0.953,3.02,GO,1,74.0,73-74°F,0.53,1,74-75°F,73-74°F,,,,,latest TXN 74.0F is inside/above bucket | XND=2 -> favorable low dispersion | NBM run-to-run spread 12.0F over 3 runs | gridpoint forecast 74.0F confirms NBM bucket side | 0.0F cushion from nearest bucket edge | market price 0.28 outside 35-59% band
2026-07-22T15:21:38.384492+00:00,LGA,KLGA,2026-07-22,85.0,3,84-85°F,0.155,0.455,-0.18,SKIP,0,89.0,84-85°F,0.43,1,88-89°F,84-85°F,,,,,latest TXN 85.0F is inside/above bucket | XND=3 -> HARD SKIP (high dispersion) | NBM run-to-run spread 3.0F over 3 runs | gridpoint forecast 86.0F confirms NBM bucket side | 0.0F cushion from nearest bucket edge | market price 0.15 outside 35-59% band
2026-07-23T15:34:14.510867+00:00,LAX,KLAX,2026-07-23,81.0,2,80-81°F,0.675,0.953,3.02,GO,1,80.0,81-82°F,0.55,0,80-81°F,79-80°F,,,,,latest TXN 81.0F is inside/above bucket | XND=2 -> favorable low dispersion | NBM run-to-run spread 3.0F over 3 runs | gridpoint forecast 81.0F confirms NBM bucket side | 0.0F cushion from nearest bucket edge | market price 0.68 outside 35-59% band
2026-07-23T15:34:14.757534+00:00,SFO,KSFO,2026-07-23,70.0,2,70-71°F,0.375,0.979,3.82,GO,0,70.0,69-70°F,0.52,1,68-69°F,69-70°F,,,,,latest TXN 70.0F is inside/above bucket | XND=2 -> favorable low dispersion | NBM run-to-run spread 16.0F over 3 runs | gridpoint forecast 70.0F confirms NBM bucket side | 0.0F cushion from nearest bucket edge | market price 0.38 in 35-59% band
2026-07-23T15:34:15.040852+00:00,MIA,KMIA,2026-07-23,93.0,1,92-93°F,0.735,0.997,5.9,GO,1,93.0,92-93°F,0.8,1,92-93°F,92-93°F,,,,,latest TXN 93.0F is inside/above bucket | XND=1 -> favorable low dispersion | NBM run-to-run spread 0.0F over 3 runs | gridpoint forecast 93.0F confirms NBM bucket side | 0.0F cushion from nearest bucket edge | market price 0.73 outside 35-59% band
2026-07-23T15:34:15.280788+00:00,ORD,KORD,2026-07-23,79.0,2,78-79°F,0.515,0.979,3.82,GO,0,78.0,78-79°F,0.61,0,76-77°F,76-77°F,,,,,latest TXN 79.0F is inside/above bucket | XND=2 -> favorable low dispersion | NBM run-to-run spread 10.0F over 3 runs | gridpoint forecast 79.0F confirms NBM bucket side | 0.0F cushion from nearest bucket edge | market price 0.52 in 35-59% band
2026-07-23T15:34:15.539818+00:00,LGA,KLGA,2026-07-23,82.0,2,82-83°F,0.125,0.953,3.02,GO,0,81.0,81-82°F,0.52,0,80-81°F,79-80°F,,,,,latest TXN 82.0F is inside/above bucket | XND=2 -> favorable low dispersion | NBM run-to-run spread 3.0F over 3 runs | gridpoint forecast 82.0F confirms NBM bucket side | 0.0F cushion from nearest bucket edge | market price 0.12 outside 35-59% band
2026-07-24T15:15:03.071012+00:00,LAX,KLAX,2026-07-24,82.0,2,82-83°F,0.185,0.664,0.68,WATCH,0,78.0,82-83°F,0.27,0,78-79°F,,,,,,latest TXN 82.0F is inside/above bucket | XND=2 -> favorable low dispersion | NBM run-to-run spread 4.0F over 3 runs | gridpoint forecast 81.0F contradicts NBM bucket side | 0.0F cushion from nearest bucket edge | market price 0.18 outside 35-59% band
2026-07-24T15:15:03.287343+00:00,SFO,KSFO,2026-07-24,71.0,2,70-71°F,0.345,0.953,3.02,GO,1,71.0,71-72°F,0.27,1,70-71°F,71-72°F,,,,,latest TXN 71.0F is inside/above bucket | XND=2 -> favorable low dispersion | NBM run-to-run spread 3.0F over 3 runs | gridpoint forecast 71.0F confirms NBM bucket side | 0.0F cushion from nearest bucket edge | market price 0.34 outside 35-59% band
2026-07-24T15:15:03.412150+00:00,MIA,KMIA,2026-07-24,92.0,1,92-93°F,0.34,0.997,5.9,GO,1,93.0,91-92°F,0.58,0,92-93°F,93-94°F,,,,,latest TXN 92.0F is inside/above bucket | XND=1 -> favorable low dispersion | NBM run-to-run spread 1.0F over 3 runs | gridpoint forecast 92.0F confirms NBM bucket side | 0.0F cushion from nearest bucket edge | market price 0.34 outside 35-59% band
2026-07-24T15:15:03.619528+00:00,ORD,KORD,2026-07-24,81.0,2,80-81°F,0.505,0.979,3.82,GO,0,80.0,80-81°F,0.53,0,78-79°F,78-79°F,,,,,latest TXN 81.0F is inside/above bucket | XND=2 -> favorable low dispersion | NBM run-to-run spread 7.0F over 3 runs | gridpoint forecast 81.0F confirms NBM bucket side | 0.0F cushion from nearest bucket edge | market price 0.51 in 35-59% band
2026-07-24T15:15:03.829988+00:00,LGA,KLGA,2026-07-24,85.0,2,84-85°F,0.225,0.953,3.02,GO,0,82.0,85-86°F,0.01,0,82-83°F,,,,,,latest TXN 85.0F is inside/above bucket | XND=2 -> favorable low dispersion | NBM run-to-run spread 3.0F over 3 runs | gridpoint forecast 84.0F confirms NBM bucket side | 0.0F cushion from nearest bucket edge | market price 0.23 outside 35-59% band
2026-07-25T14:48:16.844787+00:00,LAX,KLAX,2026-07-25,81.0,1,80-81°F,0.42,0.999,6.7,GO,0,79.0,81-82°F,0.33,0,78-79°F,79-80°F,,,,,latest TXN 81.0F is inside/above bucket | XND=1 -> favorable low dispersion | NBM run-to-run spread 1.0F over 3 runs | gridpoint forecast 81.0F confirms NBM bucket side | 0.0F cushion from nearest bucket edge | market price 0.42 in 35-59% band
2026-07-25T14:48:17.119231+00:00,SFO,KSFO,2026-07-25,72.0,2,72-73°F,0.135,0.992,4.82,GO,0,71.0,72-73°F,0.44,0,70-71°F,,,,,,latest TXN 72.0F is inside/above bucket | XND=2 -> favorable low dispersion | NBM run-to-run spread 2.0F over 3 runs | gridpoint forecast 72.0F confirms NBM bucket side | 0.0F cushion from nearest bucket edge | market price 0.14 outside 35-59% band
2026-07-25T14:48:17.335628+00:00,MIA,KMIA,2026-07-25,92.0,2,92-93°F,0.335,0.997,5.9,GO,1,92.0,92-93°F,0.53,1,92-93°F,92-93°F,,,,,latest TXN 92.0F is inside/above bucket | XND=2 -> favorable low dispersion | NBM run-to-run spread 1.0F over 3 runs | gridpoint forecast 92.0F confirms NBM bucket side | 0.0F cushion from nearest bucket edge | market price 0.34 outside 35-59% band
2026-07-25T14:48:17.569059+00:00,ORD,KORD,2026-07-25,83.0,2,82-83°F,0.085,0.664,0.68,WATCH,0,80.0,82-83°F,0.08,0,80-81°F,≤79°F,,,,,latest TXN 83.0F is inside/above bucket | XND=2 -> favorable low dispersion | NBM run-to-run spread 4.0F over 3 runs | gridpoint forecast 80.0F contradicts NBM bucket side | 0.0F cushion from nearest bucket edge | market price 0.09 outside 35-59% band
2026-07-25T14:48:17.835182+00:00,LGA,KLGA,2026-07-25,82.0,2,82-83°F,0.495,0.979,3.82,GO,0,80.0,82-83°F,0.55,0,78-79°F,,,,,,latest TXN 82.0F is inside/above bucket | XND=2 -> favorable low dispersion | NBM run-to-run spread 3.0F over 3 runs | gridpoint forecast 82.0F confirms NBM bucket side | 0.0F cushion from nearest bucket edge | market price 0.49 in 35-59% band
2026-07-26T14:49:50.277609+00:00,LAX,KLAX,2026-07-26,80.0,1,,,0.968,3.4,WATCH,,80.0,81-82°F,0.04,0,,79-80°F,,,,,using CALIBRATED confidence threshold 1.00 (not the static default) | can't check TXN position -- missing: market bucket | XND=1 -> favorable low dispersion | NBM run-to-run spread 1.0F over 3 runs | can't check gridpoint agreement -- missing: market bucket | can't calc margin to edge -- missing: market bucket | no market price data
2026-07-26T14:49:50.663267+00:00,SFO,KSFO,2026-07-26,71.0,3,72-73°F,0.075,0.35,-0.62,SKIP,0,69.0,,,,68-69°F,,,,,,using CALIBRATED confidence threshold 1.00 (not the static default) | latest TXN 72.2F is inside/above bucket | XND=3 -> HARD SKIP (high dispersion) | NBM run-to-run spread 1.2F over 3 runs | gridpoint forecast 71.0F contradicts NBM bucket side | 0.2F cushion from nearest bucket edge | market price 0.07 outside 35-59% band
2026-07-26T14:49:51.029844+00:00,MIA,KMIA,2026-07-26,91.0,2,,,0.968,3.4,WATCH,,94.0,91-92°F,0.35,0,,93-94°F,,,,,using CALIBRATED confidence threshold 1.00 (not the static default) | can't check TXN position -- missing: market bucket | XND=2 -> favorable low dispersion | NBM run-to-run spread 0.8F over 3 runs | can't check gridpoint agreement -- missing: market bucket | can't calc margin to edge -- missing: market bucket | no market price data
2026-07-26T14:49:51.479711+00:00,ORD,KORD,2026-07-26,90.0,3,90-91°F,0.35,0.65,0.62,SKIP,1,92.0,91-92°F,0.35,1,90-91°F,91-92°F,,,,,using CALIBRATED confidence threshold 1.00 (not the static default) | latest TXN 91.0F is inside/above bucket | XND=3 -> HARD SKIP (high dispersion) | NBM run-to-run spread 10.0F over 3 runs | gridpoint forecast 91.0F confirms NBM bucket side | 0.0F cushion from nearest bucket edge | market price 0.35 in 35-59% band
2026-07-26T14:49:51.856468+00:00,LGA,KLGA,2026-07-26,85.0,2,,,0.627,0.52,SKIP,,84.0,85-86°F,0.08,1,,85-86°F,,,,,using CALIBRATED confidence threshold 1.00 (not the static default) | can't check TXN position -- missing: market bucket | XND=2 -> favorable low dispersion | NBM run-to-run spread 3.1F over 3 runs | can't check gridpoint agreement -- missing: market bucket | can't calc margin to edge -- missing: market bucket | no market price data
2026-07-27T16:00:49.020000+00:00,LAX,KLAX,2026-07-27,80.0,1,,,0.911,2.32,WATCH,,79.0,81-82°F,0.34,0,,79-80°F,,,,,using CALIBRATED confidence threshold 1.00 (not the static default) | can't check TXN position -- missing: market bucket | XND=1 -> favorable low dispersion | NBM run-to-run spread 1.7F over 3 runs | can't check gridpoint agreement -- missing: market bucket | can't calc margin to edge -- missing: market bucket | no market price data
2026-07-27T16:00:49.270601+00:00,SFO,KSFO,2026-07-27,71.0,3,72-73°F,0.055,0.937,2.7,SKIP,0,69.0,72-73°F,0.12,0,68-69°F,70-71°F,,,,,using CALIBRATED confidence threshold 1.00 (not the static default) | latest TXN 72.0F is inside/above bucket | XND=3 -> HARD SKIP (high dispersion) | NBM run-to-run spread 1.0F over 3 runs | gridpoint forecast 74.0F confirms NBM bucket side | 0.0F cushion from nearest bucket edge | market price 0.06 outside 35-59% band
2026-07-27T16:00:49.519252+00:00,MIA,KMIA,2026-07-27,91.0,2,,,0.968,3.4,WATCH,,90.0,91-92°F,0.51,1,,91-92°F,,,,,using CALIBRATED confidence threshold 1.00 (not the static default) | can't check TXN position -- missing: market bucket | XND=2 -> favorable low dispersion | NBM run-to-run spread 1.0F over 3 runs | can't check gridpoint agreement -- missing: market bucket | can't calc margin to edge -- missing: market bucket | no market price data
2026-07-27T16:00:49.755127+00:00,ORD,KORD,2026-07-27,92.0,4,,,0.064,-2.68,SKIP,,85.0,,,,,,,,,,using CALIBRATED confidence threshold 1.00 (not the static default) | can't check TXN position -- missing: market bucket | XND=4 -> HARD SKIP (high dispersion) | NBM run-to-run spread 10.1F over 3 runs | can't check gridpoint agreement -- missing: market bucket | can't calc margin to edge -- missing: market bucket | no market price data
2026-07-27T16:00:50.026304+00:00,LGA,KLGA,2026-07-27,85.0,2,84-85°F,0.3,0.953,3.02,WATCH,1,84.0,85-86°F,0.21,0,84-85°F,83-84°F,,,,,using CALIBRATED confidence threshold 1.00 (not the static default) | latest TXN 85.0F is inside/above bucket | XND=2 -> favorable low dispersion | NBM run-to-run spread 3.0F over 3 runs | gridpoint forecast 84.0F confirms NBM bucket side | 0.0F cushion from nearest bucket edge | market price 0.30 outside 35-59% band
2026-07-28T15:52:33.874453+00:00,LAX,KLAX,2026-07-28,80.0,1,,,0.911,2.32,WATCH,,78.0,,,,,,,,,,using CALIBRATED confidence threshold 1.00 (not the static default) | can't check TXN position -- missing: market bucket | XND=1 -> favorable low dispersion | NBM run-to-run spread 1.5F over 3 runs | can't check gridpoint agreement -- missing: market bucket | can't calc margin to edge -- missing: market bucket | no market price data
2026-07-28T15:52:34.106343+00:00,SFO,KSFO,2026-07-28,72.0,3,72-73°F,0.06,0.847,1.71,SKIP,0,70.0,,,,70-71°F,,,,,,using CALIBRATED confidence threshold 1.00 (not the static default) | latest TXN 72.82F is inside/above bucket | XND=3 -> HARD SKIP (high dispersion) | NBM run-to-run spread 1.8F over 3 runs | gridpoint forecast 72.0F confirms NBM bucket side | 0.2F cushion from nearest bucket edge | market price 0.06 outside 35-59% band
2026-07-28T15:52:34.332463+00:00,MIA,KMIA,2026-07-28,92.0,2,92-93°F,0.385,0.997,5.765,WATCH,0,89.0,92-93°F,0.64,0,88-89°F,90-91°F,,,,,using CALIBRATED confidence threshold 1.00 (not the static default) | latest TXN 92.29F is inside/above bucket | XND=2 -> favorable low dispersion | NBM run-to-run spread 1.3F over 3 runs | gridpoint forecast 92.0F confirms NBM bucket side | 0.3F cushion from nearest bucket edge | market price 0.39 in 35-59% band
2026-07-28T15:52:34.532421+00:00,ORD,KORD,2026-07-28,81.0,2,,,0.627,0.52,SKIP,,79.0,81-82°F,0.03,0,,79-80°F,,,,,using CALIBRATED confidence threshold 1.00 (not the static default) | can't check TXN position -- missing: market bucket | XND=2 -> favorable low dispersion | NBM run-to-run spread 10.4F over 3 runs | can't check gridpoint agreement -- missing: market bucket | can't calc margin to edge -- missing: market bucket | no market price data
2026-07-28T15:52:34.751477+00:00,LGA,KLGA,2026-07-28,81.0,2,80-81°F,0.775,0.955,3.05,WATCH,1,80.0,,,,80-81°F,,,,,,using CALIBRATED confidence threshold 1.00 (not the static default) | latest TXN 80.94F is inside/above bucket | XND=2 -> favorable low dispersion | NBM run-to-run spread 4.1F over 3 runs | gridpoint forecast 80.0F confirms NBM bucket side | 0.1F cushion from nearest bucket edge | market price 0.78 outside 35-59% band
2026-07-29T15:35:11.694893+00:00,LAX,KLAX,2026-07-29,79.0,1,80-81°F,0.095,0.976,3.725,WATCH,0,79.0,,,,78-79°F,,,,,,using CALIBRATED confidence threshold 1.00 (not the static default) | latest TXN 80.33F is inside/above bucket | XND=1 -> favorable low dispersion | NBM run-to-run spread 0.3F over 3 runs | gridpoint forecast 77.0F contradicts NBM bucket side | 0.3F cushion from nearest bucket edge | market price 0.10 outside 35-59% band
2026-07-29T15:35:12.047038+00:00,SFO,KSFO,2026-07-29,72.0,3,72-73°F,0.045,0.856,1.785,SKIP,0,69.0,,,,68-69°F,,,,,,using CALIBRATED confidence threshold 1.00 (not the static default) | latest TXN 72.67F is inside/above bucket | XND=3 -> HARD SKIP (high dispersion) | NBM run-to-run spread 1.7F over 3 runs | gridpoint forecast 72.0F confirms NBM bucket side | 0.3F cushion from nearest bucket edge | market price 0.04 outside 35-59% band
2026-07-29T15:35:12.444529+00:00,MIA,KMIA,2026-07-29,94.0,1,94-95°F,0.26,0.676,0.735,SKIP,1,94.0,94-95°F,0.52,1,94-95°F,94-95°F,,,,,using CALIBRATED confidence threshold 1.00 (not the static default) | latest TXN 94.11F is inside/above bucket | XND=1 -> favorable low dispersion | NBM run-to-run spread 3.1F over 3 runs | gridpoint forecast 93.0F contradicts NBM bucket side | 0.1F cushion from nearest bucket edge | market price 0.26 outside 35-59% band
2026-07-29T15:35:12.793558+00:00,ORD,KORD,2026-07-29,81.0,2,,,0.627,0.52,SKIP,,80.0,,,,,,,,,,using CALIBRATED confidence threshold 1.00 (not the static default) | can't check TXN position -- missing: market bucket | XND=2 -> favorable low dispersion | NBM run-to-run spread 11.0F over 3 runs | can't check gridpoint agreement -- missing: market bucket | can't calc margin to edge -- missing: market bucket | no market price data
2026-07-29T15:35:13.215633+00:00,LGA,KLGA,2026-07-29,80.0,4,,,0.064,-2.68,SKIP,,81.0,,,,,,,,,,using CALIBRATED confidence threshold 1.00 (not the static default) | can't check TXN position -- missing: market bucket | XND=4 -> HARD SKIP (high dispersion) | NBM run-to-run spread 5.1F over 3 runs | can't check gridpoint agreement -- missing: market bucket | can't calc margin to edge -- missing: market bucket | no market price data
2026-07-30T15:34:17.574871+00:00,LAX,KLAX,2026-07-30,79.0,1,80-81°F,0.065,0.993,4.95,WATCH,0,77.0,80-81°F,0.23,0,76-77°F,,,,,,using CALIBRATED confidence threshold 1.00 (not the static default) | latest TXN 80.26F is inside/above bucket | XND=1 -> favorable low dispersion | NBM run-to-run spread 1.3F over 3 runs | gridpoint forecast 80.0F confirms NBM bucket side | 0.3F cushion from nearest bucket edge | market price 0.07 outside 35-59% band
2026-07-30T15:34:18.300018+00:00,SFO,KSFO,2026-07-30,72.0,3,72-73°F,0.085,0.95,2.935,SKIP,1,73.0,,,,72-73°F,,,,,,using CALIBRATED confidence threshold 1.00 (not the static default) | latest TXN 72.47F is inside/above bucket | XND=3 -> HARD SKIP (high dispersion) | NBM run-to-run spread 0.5F over 3 runs | gridpoint forecast 72.0F confirms NBM bucket side | 0.5F cushion from nearest bucket edge | market price 0.09 outside 35-59% band
2026-07-30T15:34:18.849070+00:00,MIA,KMIA,2026-07-30,95.0,1,,,0.627,0.52,SKIP,,96.0,,,,,,,,,,using CALIBRATED confidence threshold 1.00 (not the static default) | can't check TXN position -- missing: market bucket | XND=1 -> favorable low dispersion | NBM run-to-run spread 3.1F over 3 runs | can't check gridpoint agreement -- missing: market bucket | can't calc margin to edge -- missing: market bucket | no market price data
2026-07-30T15:34:19.477924+00:00,ORD,KORD,2026-07-30,86.0,2,86-87°F,0.565,0.982,4.005,WATCH,1,86.0,,,,86-87°F,,,,,,using CALIBRATED confidence threshold 1.00 (not the static default) | latest TXN 86.37F is inside/above bucket | XND=2 -> favorable low dispersion | NBM run-to-run spread 5.4F over 3 runs | gridpoint forecast 87.0F confirms NBM bucket side | 0.4F cushion from nearest bucket edge | market price 0.56 in 35-59% band
2026-07-30T15:34:20.219620+00:00,LGA,KLGA,2026-07-30,78.0,2,,,0.627,0.52,SKIP,,76.0,77-78°F,0.39,0,,≤76°F,,,,,using CALIBRATED confidence threshold 1.00 (not the static default) | can't check TXN position -- missing: market bucket | XND=2 -> favorable low dispersion | NBM run-to-run spread 3.0F over 3 runs | can't check gridpoint agreement -- missing: market bucket | can't calc margin to edge -- missing: market bucket | no market price data
2026-07-31T15:38:59.749947+00:00,LAX,KLAX,2026-07-31,81.0,2,82-83°F,0.0305,0.956,3.07,WATCH,0,79.0,82-83°F,0.09,0,78-79°F,80-81°F,,,,,using CALIBRATED confidence threshold 1.00 (not the static default) | latest TXN 82.1F is inside/above bucket | XND=2 -> favorable low dispersion | NBM run-to-run spread 3.1F over 3 runs | gridpoint forecast 82.0F confirms NBM bucket side | 0.1F cushion from nearest bucket edge | market price 0.03 outside 35-59% band
2026-07-31T15:38:59.902176+00:00,SFO,KSFO,2026-07-31,74.0,3,74-75°F,0.09,0.517,0.07,SKIP,0,72.0,,,,72-73°F,,,,,,using CALIBRATED confidence threshold 1.00 (not the static default) | latest TXN 74.5F is inside/above bucket | XND=3 -> HARD SKIP (high dispersion) | NBM run-to-run spread 2.5F over 3 runs | gridpoint forecast 74.0F confirms NBM bucket side | 0.5F cushion from nearest bucket edge | market price 0.09 outside 35-59% band
2026-07-31T15:39:00.052539+00:00,MIA,KMIA,2026-07-31,95.0,2,,,0.911,2.32,WATCH,,96.0,,,,,,,,,,using CALIBRATED confidence threshold 1.00 (not the static default) | can't check TXN position -- missing: market bucket | XND=2 -> favorable low dispersion | NBM run-to-run spread 1.2F over 3 runs | can't check gridpoint agreement -- missing: market bucket | can't calc margin to edge -- missing: market bucket | no market price data
2026-07-31T15:39:00.204824+00:00,ORD,KORD,2026-07-31,82.0,3,82-83°F,0.35,0.176,-1.545,SKIP,0,80.0,82-83°F,0.61,1,80-81°F,82-83°F,,,,,using CALIBRATED confidence threshold 1.00 (not the static default) | latest TXN 82.35F is inside/above bucket | XND=3 -> HARD SKIP (high dispersion) | NBM run-to-run spread 5.0F over 3 runs | gridpoint forecast 81.0F contradicts NBM bucket side | 0.3F cushion from nearest bucket edge | market price 0.35 in 35-59% band
2026-07-31T15:39:00.451563+00:00,LGA,KLGA,2026-07-31,85.0,2,84-85°F,0.39,0.98,3.895,WATCH,1,84.0,,,,84-85°F,,,,,,using CALIBRATED confidence threshold 1.00 (not the static default) | latest TXN 84.85F is inside/above bucket | XND=2 -> favorable low dispersion | NBM run-to-run spread 6.8F over 3 runs | gridpoint forecast 85.0F confirms NBM bucket side | 0.2F cushion from nearest bucket edge | market price 0.39 in 35-59% band
2026-08-01T14:46:09.034043+00:00,LAX,KLAX,2026-08-01,82.0,2,82-83°F,0.115,0.669,0.705,SKIP,0,79.0,82-83°F,0.35,0,78-79°F,,,,,,using CALIBRATED confidence threshold 1.00 (not the static default) | latest TXN 82.95F is inside/above bucket | XND=2 -> favorable low dispersion | NBM run-to-run spread 4.0F over 3 runs | gridpoint forecast 81.0F contradicts NBM bucket side | 0.0F cushion from nearest bucket edge | market price 0.12 outside 35-59% band
2026-08-01T14:46:09.202604+00:00,SFO,KSFO,2026-08-01,76.0,3,76-77°F,0.185,0.502,0.01,SKIP,0,73.0,,,,72-73°F,,,,,,using CALIBRATED confidence threshold 1.00 (not the static default) | latest TXN 76.38F is inside/above bucket | XND=3 -> HARD SKIP (high dispersion) | NBM run-to-run spread 4.4F over 3 runs | gridpoint forecast 76.0F confirms NBM bucket side | 0.4F cushion from nearest bucket edge | market price 0.18 outside 35-59% band
2026-08-01T14:46:09.378513+00:00,MIA,KMIA,2026-08-01,94.0,2,94-95°F,0.455,0.989,4.455,WATCH,0,93.0,94-95°F,0.59,1,92-93°F,94-95°F,,,,,using CALIBRATED confidence threshold 1.00 (not the static default) | latest TXN 94.19F is inside/above bucket | XND=2 -> favorable low dispersion | NBM run-to-run spread 0.8F over 3 runs | gridpoint forecast 93.0F contradicts NBM bucket side | 0.2F cushion from nearest bucket edge | market price 0.46 in 35-59% band
2026-08-01T14:46:09.563449+00:00,ORD,KORD,2026-08-01,72.0,2,72-73°F,0.845,0.959,3.14,WATCH,1,72.0,72-73°F,0.64,0,72-73°F,,,,,,using CALIBRATED confidence threshold 1.00 (not the static default) | latest TXN 72.24F is inside/above bucket | XND=2 -> favorable low dispersion | NBM run-to-run spread 13.8F over 3 runs | gridpoint forecast 74.0F confirms NBM bucket side | 0.2F cushion from nearest bucket edge | market price 0.84 outside 35-59% band
2026-08-01T14:46:09.739174+00:00,LGA,KLGA,2026-08-01,85.0,2,84-85°F,0.34,0.958,3.115,WATCH,0,87.0,84-85°F,0.62,0,86-87°F,,,,,,using CALIBRATED confidence threshold 1.00 (not the static default) | latest TXN 84.81F is inside/above bucket | XND=2 -> favorable low dispersion | NBM run-to-run spread 7.0F over 3 runs | gridpoint forecast 85.0F confirms NBM bucket side | 0.2F cushion from nearest bucket edge | market price 0.34 outside 35-59% band
2026-08-02T14:48:19.777534+00:00,LAX,KLAX,2026-08-02,81.0,1,,,0.968,3.4,GO,,78.0,,,,,,,,,,can't check TXN position -- missing: market bucket | XND=1 -> favorable low dispersion | NBM run-to-run spread 1.0F over 3 runs | can't check gridpoint agreement -- missing: market bucket | can't calc margin to edge -- missing: market bucket | no market price data
2026-08-02T14:48:19.945651+00:00,SFO,KSFO,2026-08-02,79.0,2,,,0.627,0.52,WATCH,,79.0,,,,,,,,,,can't check TXN position -- missing: market bucket | XND=2 -> favorable low dispersion | NBM run-to-run spread 5.2F over 3 runs | can't check gridpoint agreement -- missing: market bucket | can't calc margin to edge -- missing: market bucket | no market price data
2026-08-02T14:48:20.127868+00:00,MIA,KMIA,2026-08-02,92.0,2,92-93°F,0.11,0.679,0.75,WATCH,0,90.0,92-93°F,0.18,0,90-91°F,90-91°F,,,,,latest TXN 92.14F is inside/above bucket | XND=2 -> favorable low dispersion | NBM run-to-run spread 2.9F over 3 runs | gridpoint forecast 91.0F contradicts NBM bucket side | 0.1F cushion from nearest bucket edge | market price 0.11 outside 35-59% band
2026-08-02T14:48:20.316728+00:00,ORD,KORD,2026-08-02,75.0,2,,,0.627,0.52,WATCH,,77.0,75-76°F,0.41,1,,75-76°F,,,,,can't check TXN position -- missing: market bucket | XND=2 -> favorable low dispersion | NBM run-to-run spread 10.0F over 3 runs | can't check gridpoint agreement -- missing: market bucket | can't calc margin to edge -- missing: market bucket | no market price data
2026-08-02T14:48:20.480457+00:00,LGA,KLGA,2026-08-02,83.0,2,82-83°F,0.605,0.955,3.065,GO,0,85.0,82-83°F,0.6,1,84-85°F,82-83°F,,,,,latest TXN 82.91F is inside/above bucket | XND=2 -> favorable low dispersion | NBM run-to-run spread 2.1F over 3 runs | gridpoint forecast 83.0F confirms NBM bucket side | 0.1F cushion from nearest bucket edge | market price 0.60 outside 35-59% band
2026-08-03T16:04:36.340930+00:00,LAX,KLAX,2026-08-03,79.0,1,,,0.627,0.52,WATCH,,78.0,,,,,,,,,,can't check TXN position -- missing: market bucket | XND=1 -> favorable low dispersion | NBM run-to-run spread 2.4F over 3 runs | can't check gridpoint agreement -- missing: market bucket | can't calc margin to edge -- missing: market bucket | no market price data
2026-08-03T16:04:36.496605+00:00,SFO,KSFO,2026-08-03,81.0,3,,,0.064,-2.68,SKIP,,77.0,,,,,,,,,,can't check TXN position -- missing: market bucket | XND=3 -> HARD SKIP (high dispersion) | NBM run-to-run spread 5.2F over 3 runs | can't check gridpoint agreement -- missing: market bucket | can't calc margin to edge -- missing: market bucket | no market price data
2026-08-03T16:04:36.665139+00:00,MIA,KMIA,2026-08-03,93.0,2,,,0.911,2.32,GO,,91.0,,,,,,,,,,can't check TXN position -- missing: market bucket | XND=2 -> favorable low dispersion | NBM run-to-run spread 2.0F over 3 runs | can't check gridpoint agreement -- missing: market bucket | can't calc margin to edge -- missing: market bucket | no market price data
2026-08-03T16:04:36.831805+00:00,ORD,KORD,2026-08-03,81.0,2,,,0.627,0.52,WATCH,,82.0,,,,,,,,,,can't check TXN position -- missing: market bucket | XND=2 -> favorable low dispersion | NBM run-to-run spread 9.3F over 3 runs | can't check gridpoint agreement -- missing: market bucket | can't calc margin to edge -- missing: market bucket | no market price data
2026-08-03T16:04:37.005797+00:00,LGA,KLGA,2026-08-03,82.0,2,82-83°F,0.415,0.979,3.82,GO,0,84.0,82-83°F,0.13,0,84-85°F,80-81°F,,,,,latest TXN 82.0F is inside/above bucket | XND=2 -> favorable low dispersion | NBM run-to-run spread 3.0F over 3 runs | gridpoint forecast 82.0F confirms NBM bucket side | 0.0F cushion from nearest bucket edge | market price 0.41 in 35-59% band
2026-08-04T21:16:05.573622+00:00,LAX,KLAX,2026-08-04,78,1,76-77°F,0.965,0.11599358262156145,-0.8490064173784385,SKIP,1,77.0,79-80°F,0.06,0,76-77°F,,,,,,model probability 11.6% vs market price 96.5% -> edge -84.9% | sigma=2.37F (source: stratum)
2026-08-04T21:16:05.754642+00:00,SFO,KSFO,2026-08-04,79,2,76-77°F,0.07,0.04932135182037267,-0.020678648179627335,SKIP,0,73.0,76-77°F,0.24,0,72-73°F,≤75°F,,,,,model probability 4.9% vs market price 7.0% -> edge -2.1% | sigma=7.65F (source: stratum)
2026-08-04T21:16:06.085958+00:00,MIA,KMIA,2026-08-04,91,2,90-91°F,0.9985,0.08258418996461991,-0.9159158100353801,SKIP,1,90.0,,,,90-91°F,,,,,,model probability 8.3% vs market price 99.9% -> edge -91.6% | sigma=4.80F (source: stratum)
2026-08-04T21:16:06.268044+00:00,ORD,KORD,2026-08-04,84,2,86-87°F,0.455,0.0732292221516625,-0.3817707778483375,SKIP,0,85.0,85-86°F,0.94,1,84-85°F,85-86°F,,,,,model probability 7.3% vs market price 45.5% -> edge -38.2% | sigma=4.94F (source: stratum)
2026-08-04T21:16:06.624054+00:00,LGA,KLGA,2026-08-04,84,2,84-85°F,0.9935,0.11636677466250023,-0.8771332253374998,SKIP,1,84.0,,,,84-85°F,,,,,,model probability 11.6% vs market price 99.4% -> edge -87.7% | sigma=3.39F (source: stratum)
2026-08-05T15:48:40.361174+00:00,LAX,KLAX,2026-08-05,77.0,1,78-79°F,0.105,0.15621891182366254,0.05121891182366255,GO,0,76.0,79-80°F,0.07,0,76-77°F,77-78°F,,,,,model probability 15.6% vs market price 10.5% -> edge +5.1% | sigma=2.30F (source: stratum)
2026-08-05T15:48:40.594765+00:00,SFO,KSFO,2026-08-05,76.0,3,74-75°F,0.155,0.18012021921811244,0.025120219218112444,WATCH,0,70.0,76-77°F,0.05,0,70-71°F,≤73°F,,,,,model probability 18.0% vs market price 15.5% -> edge +2.5% | sigma=1.55F (source: stratum)
2026-08-05T15:48:40.788006+00:00,MIA,KMIA,2026-08-05,90.0,2,90-91°F,0.285,0.0858734897467276,-0.19912651025327238,SKIP,0,89.0,92-93°F,0.08,0,88-89°F,90-91°F,,,,,model probability 8.6% vs market price 28.5% -> edge -19.9% | sigma=4.60F (source: stratum)
2026-08-05T15:48:40.984587+00:00,ORD,KORD,2026-08-05,82.0,4,84-85°F,0.088,0.07784378876521092,-0.010156211234789075,SKIP,0,81.0,85-86°F,0.1,0,80-81°F,83-84°F,,,,,model probability 7.8% vs market price 8.8% -> edge -1.0% | sigma=4.59F (source: pooled)
2026-08-05T15:48:41.195208+00:00,LGA,KLGA,2026-08-05,84.0,2,86-87°F,0.1,0.09235457000223901,-0.007645429997760994,SKIP,0,84.0,80-81°F,0.12,0,84-85°F,,,,,,model probability 9.2% vs market price 10.0% -> edge -0.8% | sigma=3.29F (source: stratum)
2026-08-06T16:32:28.933650+00:00,LAX,KLAX,2026-08-06,78,1,80-81°F,0.095,0.11558943400479926,0.020589434004799262,WATCH,0,77.0,,,,76-77°F,,,,,,model probability 11.6% vs market price 9.5% -> edge +2.1% | sigma=2.24F (source: stratum)
2026-08-06T16:32:29.270867+00:00,SFO,KSFO,2026-08-06,76,2,74-75°F,0.055,0.05126823061492697,-0.003731769385073032,SKIP,0,72.0,74-75°F,0.13,0,72-73°F,72-73°F,,,,,model probability 5.1% vs market price 5.5% -> edge -0.4% | sigma=7.70F (source: stratum)
2026-08-06T16:32:29.605549+00:00,MIA,KMIA,2026-08-06,90,2,88-89°F,0.44,0.08562535915915914,-0.35437464084084086,SKIP,1,88.0,91-92°F,0.06,0,88-89°F,87-88°F,,,,,model probability 8.6% vs market price 44.0% -> edge -35.4% | sigma=4.43F (source: stratum)
2026-08-06T16:32:29.913463+00:00,ORD,KORD,2026-08-06,78,3,82-83°F,0.115,0.057436133627081,-0.057563866372919006,SKIP,0,81.0,80-81°F,0.16,1,80-81°F,80-81°F,,,,,model probability 5.7% vs market price 11.5% -> edge -5.8% | sigma=4.51F (source: pooled)
2026-08-06T16:32:30.268843+00:00,LGA,KLGA,2026-08-06,90,2,86-87°F,0.085,0.06669382234964166,-0.018306177650358343,SKIP,0,90.0,90-91°F,0.09,0,90-91°F,,,,,,model probability 6.7% vs market price 8.5% -> edge -1.8% | sigma=3.19F (source: stratum)
2026-08-07T14:34:13.125612+00:00,LAX,KLAX,2026-08-07,79.0,1,78-79°F,0.485,0.167755546229303,-0.317244453770697,SKIP,1,79.0,77-78°F,0.46,0,78-79°F,,,,,,model probability 16.8% vs market price 48.5% -> edge -31.7% | sigma=2.18F (source: stratum)
2026-08-07T14:34:13.530893+00:00,SFO,KSFO,2026-08-07,75.0,3,72-73°F,0.16,0.12414199445245339,-0.03585800554754662,SKIP,0,67.0,73-74°F,0.29,0,66-67°F,,,,,,model probability 12.4% vs market price 16.0% -> edge -3.6% | sigma=1.79F (source: stratum)
2026-08-07T14:34:13.859505+00:00,MIA,KMIA,2026-08-07,91.0,2,88-89°F,0.165,0.08018227237375491,-0.08481772762624509,SKIP,0,90.0,92-93°F,0.32,0,90-91°F,90-91°F,,,,,model probability 8.0% vs market price 16.5% -> edge -8.5% | sigma=4.30F (source: stratum)
2026-08-07T14:34:14.187499+00:00,ORD,KORD,2026-08-07,84.0,3,82-83°F,0.07,0.08162088293805714,0.011620882938057131,WATCH,0,87.0,88-89°F,0.06,0,86-87°F,86-87°F,,,,,model probability 8.2% vs market price 7.0% -> edge +1.2% | sigma=4.45F (source: pooled)
2026-08-07T14:34:14.610224+00:00,LGA,KLGA,2026-08-07,91.0,3,88-89°F,0.05,0.09047037976474631,0.04047037976474631,WATCH,0,93.0,≤88°F,0.08,,92-93°F,,,,,,model probability 9.0% vs market price 5.0% -> edge +4.0% | sigma=3.17F (source: pooled)
2026-08-08T14:08:56.047794+00:00,LAX,KLAX,2026-08-08,79.0,1,80-81°F,0.15,0.1623186473398972,0.01231864733989721,WATCH,0,79.0,≥82°F,0.05,,78-79°F,,,,,,model probability 16.2% vs market price 15.0% -> edge +1.2% | sigma=2.11F (source: stratum)
2026-08-08T14:08:56.423337+00:00,SFO,KSFO,2026-08-08,76.0,3,72-73°F,0.115,0.08704431130234941,-0.027955688697650596,SKIP,0,66.0,74-75°F,0.08,0,,,,,,,model probability 8.7% vs market price 11.5% -> edge -2.8% | sigma=2.22F (source: stratum)
2026-08-08T14:08:56.708441+00:00,MIA,KMIA,2026-08-08,92.0,2,90-91°F,0.44,0.09119932954154225,-0.34880067045845775,SKIP,1,91.0,93-94°F,0.32,0,90-91°F,,,,,,model probability 9.1% vs market price 44.0% -> edge -34.9% | sigma=4.16F (source: stratum)
2026-08-08T14:08:57.058956+00:00,ORD,KORD,2026-08-08,83.0,2,80-81°F,0.05,0.06820502549400898,0.018205025494008972,WATCH,0,84.0,83-84°F,0.19,1,84-85°F,83-84°F,,,,,model probability 6.8% vs market price 5.0% -> edge +1.8% | sigma=4.81F (source: stratum)
2026-08-08T14:08:57.429982+00:00,LGA,KLGA,2026-08-08,91.0,3,88-89°F,0.14,0.08911326448055445,-0.05088673551944556,SKIP,0,91.0,91-92°F,0.07,0,90-91°F,≤88°F,,,,,model probability 8.9% vs market price 14.0% -> edge -5.1% | sigma=3.14F (source: pooled)
2026-08-09T14:10:02.068814+00:00,LAX,KLAX,2026-08-09,80.0,1,80-81°F,0.23,0.1921191164558398,-0.03788088354416022,SKIP,1,80.0,77-78°F,0.05,0,80-81°F,,,,,,model probability 19.2% vs market price 23.0% -> edge -3.8% | sigma=2.05F (source: stratum)
2026-08-09T14:10:02.300456+00:00,SFO,KSFO,2026-08-09,81.0,2,78-79°F,0.15,0.05215314830960566,-0.09784685169039434,SKIP,0,70.0,80-81°F,0.08,0,,,,,,,model probability 5.2% vs market price 15.0% -> edge -9.8% | sigma=7.52F (source: stratum)
2026-08-09T14:10:02.549809+00:00,MIA,KMIA,2026-08-09,92.0,2,92-93°F,0.18,0.09732965458228993,-0.08267034541771007,SKIP,1,92.0,89-90°F,0.06,0,92-93°F,91-92°F,,,,,model probability 9.7% vs market price 18.0% -> edge -8.3% | sigma=4.02F (source: stratum)
2026-08-09T14:10:02.783235+00:00,ORD,KORD,2026-08-09,85.0,4,86-87°F,0.13,0.09000841470676102,-0.039991585293238985,SKIP,0,84.0,≤82°F,0.08,,84-85°F,,,,,,model probability 9.0% vs market price 13.0% -> edge -4.0% | sigma=4.31F (source: pooled)
2026-08-09T14:10:03.105287+00:00,LGA,KLGA,2026-08-09,92.0,2,88-89°F,0.065,0.06476909075108445,-0.0002309092489155562,SKIP,0,91.0,≤89°F,0.07,,90-91°F,,,,,,model probability 6.5% vs market price 6.5% -> edge -0.0% | sigma=3.11F (source: stratum)
2026-08-10T14:39:38.436444+00:00,LAX,KLAX,2026-08-10,79.0,1,76-77°F,0.095,0.07405311850741375,-0.02094688149258625,SKIP,0,78.0,≥82°F,0.06,,78-79°F,,,,,,model probability 7.4% vs market price 9.5% -> edge -2.1% | sigma=2.00F (source: stratum)
2026-08-10T14:39:38.713523+00:00,SFO,KSFO,2026-08-10,75.0,2,66-67°F,0.1,0.03392838472255544,-0.06607161527744457,SKIP,0,73.0,74-75°F,0.06,0,72-73°F,,,,,,model probability 3.4% vs market price 10.0% -> edge -6.6% | sigma=7.96F (source: stratum)
2026-08-10T14:39:38.964382+00:00,MIA,KMIA,2026-08-10,93.0,1,94-95°F,0.06,0.08996111967663345,0.029961119676633452,WATCH,0,92.0,94-95°F,0.17,0,92-93°F,,,,,,model probability 9.0% vs market price 6.0% -> edge +3.0% | sigma=0.96F (source: stratum)
2026-08-10T14:39:39.207635+00:00,ORD,KORD,2026-08-10,84.0,3,88-89°F,0.05,0.0598647279392861,0.009864727939286097,WATCH,0,87.0,86-87°F,0.17,0,86-87°F,,,,,,model probability 6.0% vs market price 5.0% -> edge +1.0% | sigma=4.25F (source: pooled)
2026-08-10T14:39:39.512435+00:00,LGA,KLGA,2026-08-10,93.0,2,92-93°F,0.075,0.12814425214626024,0.05314425214626024,GO,0,91.0,91-92°F,0.05,0,90-91°F,,,,,,model probability 12.8% vs market price 7.5% -> edge +5.3% | sigma=3.04F (source: stratum)
2026-08-11T14:38:31.912706+00:00,LAX,KLAX,2026-08-11,78.0,1,78-79°F,0.505,0.2002279944113039,-0.3047720055886961,SKIP,0,80.0,80-81°F,0.06,1,80-81°F,80-81°F,,,,,model probability 20.0% vs market price 50.5% -> edge -30.5% | sigma=1.96F (source: stratum)
2026-08-11T14:38:32.075175+00:00,SFO,KSFO,2026-08-11,74.0,2,68-69°F,0.2,0.045314888698826716,-0.1546851113011733,SKIP,0,76.0,≤71°F,0.47,,76-77°F,,,,,,model probability 4.5% vs market price 20.0% -> edge -15.5% | sigma=7.67F (source: stratum)
2026-08-11T14:38:32.258321+00:00,MIA,KMIA,2026-08-11,93.0,1,90-91°F,0.09,0.029066444714665574,-0.06093355528533442,SKIP,0,93.0,90-91°F,0.06,0,92-93°F,,,,,,model probability 2.9% vs market price 9.0% -> edge -6.1% | sigma=0.93F (source: stratum)
2026-08-11T14:38:32.435026+00:00,ORD,KORD,2026-08-11,81.0,3,82-83°F,0.14,0.09238013313974358,-0.04761986686025643,SKIP,0,81.0,≤79°F,0.23,,80-81°F,,,,,,model probability 9.2% vs market price 14.0% -> edge -4.8% | sigma=4.20F (source: pooled)
2026-08-11T14:38:32.611333+00:00,LGA,KLGA,2026-08-11,91.0,2,90-91°F,0.17,0.12992095427007155,-0.04007904572992846,SKIP,0,87.0,89-90°F,0.15,0,86-87°F,,,,,,model probability 13.0% vs market price 17.0% -> edge -4.0% | sigma=3.01F (source: stratum)
2026-08-12T14:38:42.253880+00:00,LAX,KLAX,2026-08-12,76.0,1,74-75°F,0.07,0.13082775500779686,0.06082775500779686,GO,0,76.0,≥80°F,0.1,,76-77°F,,,,,,model probability 13.1% vs market price 7.0% -> edge +6.1% | sigma=1.96F (source: stratum)
2026-08-12T14:38:42.561731+00:00,SFO,KSFO,2026-08-12,73.0,2,74-75°F,0.1,0.04988959239116886,-0.05011040760883115,SKIP,0,73.0,≤69°F,0.05,,72-73°F,,,,,,model probability 5.0% vs market price 10.0% -> edge -5.0% | sigma=7.41F (source: stratum)
2026-08-12T14:38:42.942613+00:00,MIA,KMIA,2026-08-12,93.0,1,92-93°F,0.57,0.403316513364028,-0.16668348663597193,SKIP,1,93.0,91-92°F,0.06,0,92-93°F,,,,,,model probability 40.3% vs market price 57.0% -> edge -16.7% | sigma=0.91F (source: stratum)
2026-08-12T14:38:43.383014+00:00,ORD,KORD,2026-08-12,83.0,3,84-85°F,0.065,0.09375192436530366,0.02875192436530366,WATCH,0,83.0,82-83°F,0.21,1,82-83°F,82-83°F,,,,,model probability 9.4% vs market price 6.5% -> edge +2.9% | sigma=4.13F (source: pooled)
2026-08-12T14:38:43.712308+00:00,LGA,KLGA,2026-08-12,88.0,2,84-85°F,0.075,0.07014326880648569,-0.004856731193514305,SKIP,0,86.0,83-84°F,0.13,1,86-87°F,83-84°F,,,,,model probability 7.0% vs market price 7.5% -> edge -0.5% | sigma=3.06F (source: stratum)
2026-08-13T03:31:39.135028+00:00,LAX,KLAX,2026-08-13,75,2,78-79°F,0.145,0.06803380935767722,-0.07696619064232277,SKIP,0,77.0,74-75°F,0.07,0,76-77°F,76-77°F,,,,,model probability 6.8% vs market price 14.5% -> edge -7.7% | sigma=4.65F (source: stratum)
2026-08-13T03:31:39.304779+00:00,SFO,KSFO,2026-08-13,68,2,62-63°F,0.055,0.046103604182973656,-0.008896395817026344,SKIP,0,71.0,66-67°F,0.07,0,70-71°F,,,,,,model probability 4.6% vs market price 5.5% -> edge -0.9% | sigma=7.41F (source: stratum)
2026-08-13T03:31:39.506449+00:00,MIA,KMIA,2026-08-13,93,1,90-91°F,0.11,0.025979551109546695,-0.0840204488904533,SKIP,0,94.0,92-93°F,0.52,0,94-95°F,94-95°F,,,,,model probability 2.6% vs market price 11.0% -> edge -8.4% | sigma=0.91F (source: stratum)
2026-08-13T03:31:39.677737+00:00,ORD,KORD,2026-08-13,80,2,80-81°F,0.115,0.08489973246483468,-0.03010026753516533,SKIP,0,78.0,76-77°F,0.07,1,78-79°F,76-77°F,,,,,model probability 8.5% vs market price 11.5% -> edge -3.0% | sigma=4.69F (source: stratum)
2026-08-13T03:31:39.864234+00:00,LGA,KLGA,2026-08-13,87,2,90-91°F,0.055,0.06561821441557014,0.010618214415570142,WATCH,0,86.0,87-88°F,0.07,0,86-87°F,,,,,,model probability 6.6% vs market price 5.5% -> edge +1.1% | sigma=3.06F (source: stratum)
2026-08-14T14:32:54.258385+00:00,LAX,KLAX,2026-08-14,75.0,1,74-75°F,0.115,0.1854076470246238,0.0704076470246238,GO,0,78.0,74-75°F,0.26,0,78-79°F,,,,,,model probability 18.5% vs market price 11.5% -> edge +7.0% | sigma=1.92F (source: stratum)
2026-08-14T14:32:54.419756+00:00,SFO,KSFO,2026-08-14,68.0,2,66-67°F,0.18,0.0572204219516127,-0.1227795780483873,SKIP,0,70.0,≥72°F,0.17,,70-71°F,,,,,,model probability 5.7% vs market price 18.0% -> edge -12.3% | sigma=6.96F (source: stratum)
2026-08-14T14:32:54.594821+00:00,MIA,KMIA,2026-08-14,93.0,1,90-91°F,0.1,0.026940163395885564,-0.07305983660411444,SKIP,0,94.0,91-92°F,0.17,0,94-95°F,,,,,,model probability 2.7% vs market price 10.0% -> edge -7.3% | sigma=0.94F (source: stratum)
2026-08-14T14:32:54.761160+00:00,ORD,KORD,2026-08-14,80.0,2,82-83°F,0.05,0.07819307859857949,0.028193078598579488,WATCH,0,80.6,82-83°F,0.07,0,80-81°F,,,,,,model probability 7.8% vs market price 5.0% -> edge +2.8% | sigma=4.61F (source: stratum)
2026-08-14T14:32:54.920686+00:00,LGA,KLGA,2026-08-14,88.0,2,88-89°F,0.23,0.1306788851201618,-0.09932111487983822,SKIP,0,86.0,≤83°F,0.12,,86-87°F,,,,,,model probability 13.1% vs market price 23.0% -> edge -9.9% | sigma=2.96F (source: stratum)
2026-08-15T13:54:31.761967+00:00,LAX,KLAX,2026-08-15,76.0,1,74-75°F,0.13,0.12340751303774,-0.006592486962260002,SKIP,0,76.0,78-79°F,0.37,0,76-77°F,76-77°F,,,,,model probability 12.3% vs market price 13.0% -> edge -0.7% | sigma=1.98F (source: stratum)
2026-08-15T13:54:31.913230+00:00,SFO,KSFO,2026-08-15,68.0,2,64-65°F,0.05,0.05532393841502953,0.005323938415029525,WATCH,0,68.0,66-67°F,0.1,0,68-69°F,,,,,,model probability 5.5% vs market price 5.0% -> edge +0.5% | sigma=6.77F (source: stratum)
2026-08-15T13:54:32.103546+00:00,MIA,KMIA,2026-08-15,93.0,1,90-91°F,0.075,0.02898656807761535,-0.04601343192238465,SKIP,0,93.0,89-90°F,0.08,0,92-93°F,93-94°F,,,,,model probability 2.9% vs market price 7.5% -> edge -4.6% | sigma=0.98F (source: stratum)
2026-08-15T13:54:32.266771+00:00,ORD,KORD,2026-08-15,80.0,2,76-77°F,0.05,0.06024988568469858,0.010249885684698576,WATCH,0,79.0,83-84°F,0.07,0,78-79°F,81-82°F,,,,,model probability 6.0% vs market price 5.0% -> edge +1.0% | sigma=4.51F (source: stratum)
2026-08-15T13:54:32.437496+00:00,LGA,KLGA,2026-08-15,84.0,2,80-81°F,0.12,0.07306916439387173,-0.04693083560612826,SKIP,0,84.0,84-85°F,0.19,0,84-85°F,82-83°F,,,,,model probability 7.3% vs market price 12.0% -> edge -4.7% | sigma=2.92F (source: stratum)
2026-08-16T13:55:32.318706+00:00,LAX,KLAX,2026-08-16,77.0,1,78-79°F,0.12,0.17638687772608708,0.05638687772608708,GO,0,76.0,75-76°F,0.13,0,76-77°F,77-78°F,,,,,model probability 17.6% vs market price 12.0% -> edge +5.6% | sigma=1.93F (source: stratum)
2026-08-16T13:55:32.485412+00:00,SFO,KSFO,2026-08-16,72.0,2,68-69°F,0.175,0.056617526405145224,-0.11838247359485476,SKIP,1,69.0,73-74°F,0.17,0,68-69°F,69-70°F,,,,,model probability 5.7% vs market price 17.5% -> edge -11.8% | sigma=6.58F (source: stratum)
2026-08-16T13:55:32.743840+00:00,MIA,KMIA,2026-08-16,94.0,2,94-95°F,0.385,0.10052713586789119,-0.2844728641321088,SKIP,0,93.0,91-92°F,0.13,0,92-93°F,,,,,,model probability 10.1% vs market price 38.5% -> edge -28.4% | sigma=3.90F (source: stratum)
2026-08-16T13:55:32.895659+00:00,ORD,KORD,2026-08-16,85.0,2,88-89°F,0.08,0.07061337230224285,-0.009386627697757152,SKIP,0,85.0,82-83°F,0.08,0,84-85°F,86-87°F,,,,,model probability 7.1% vs market price 8.0% -> edge -0.9% | sigma=4.42F (source: stratum)
2026-08-16T13:55:33.098952+00:00,LGA,KLGA,2026-08-16,83.0,2,82-83°F,0.18,0.13812619612283283,-0.04187380387716716,SKIP,0,81.0,82-83°F,0.12,0,80-81°F,,,,,,model probability 13.8% vs market price 18.0% -> edge -4.2% | sigma=2.86F (source: stratum)
2026-08-17T14:03:37.330045+00:00,LAX,KLAX,2026-08-17,78.0,1,78-79°F,0.21,0.20628507280779496,-0.0037149271922050364,SKIP,0,77.0,80-81°F,0.12,0,76-77°F,,,,,,model probability 20.6% vs market price 21.0% -> edge -0.4% | sigma=1.91F (source: stratum)
2026-08-17T14:03:37.616352+00:00,SFO,KSFO,2026-08-17,71.0,2,72-73°F,0.165,0.05683423787737785,-0.10816576212262216,SKIP,0,71.0,67-68°F,0.1,0,70-71°F,71-72°F,,,,,model probability 5.7% vs market price 16.5% -> edge -10.8% | sigma=6.45F (source: stratum)
2026-08-17T14:03:37.873247+00:00,MIA,KMIA,2026-08-17,97.0,2,98-99°F,0.055,0.09507924644267429,0.04007924644267429,WATCH,0,95.0,≥98°F,0.09,,94-95°F,,,,,,model probability 9.5% vs market price 5.5% -> edge +4.0% | sigma=3.79F (source: stratum)
2026-08-17T14:03:38.158216+00:00,ORD,KORD,2026-08-17,79.0,2,80-81°F,0.13,0.08897155200791629,-0.041028447992083716,SKIP,0,79.0,≤77°F,0.2,,78-79°F,,,,,,model probability 8.9% vs market price 13.0% -> edge -4.1% | sigma=4.33F (source: stratum)
2026-08-17T14:03:38.462258+00:00,LGA,KLGA,2026-08-17,85.0,3,86-87°F,0.06,0.10285498537389348,0.042854985373893484,WATCH,0,80.0,84-85°F,0.15,0,80-81°F,,,,,,model probability 10.3% vs market price 6.0% -> edge +4.3% | sigma=3.37F (source: stratum)
2026-08-18T14:08:44.761041+00:00,LAX,KLAX,2026-08-18,79.0,1,80-81°F,0.21,0.17580724300283268,-0.03419275699716731,SKIP,1,81.0,77-78°F,0.07,0,80-81°F,81-82°F,,,,,model probability 17.6% vs market price 21.0% -> edge -3.4% | sigma=1.88F (source: stratum)
2026-08-18T14:08:45.011699+00:00,SFO,KSFO,2026-08-18,72.0,2,72-73°F,0.06,0.06132046772872446,0.0013204677287244615,WATCH,0,68.0,≤67°F,0.06,,68-69°F,,,,,,model probability 6.1% vs market price 6.0% -> edge +0.1% | sigma=6.29F (source: stratum)
2026-08-18T14:08:45.343208+00:00,MIA,KMIA,2026-08-18,99.0,2,100-101°F,0.105,0.09610523065403698,-0.008894769345963019,SKIP,0,99.0,95-96°F,0.1,0,98-99°F,99-100°F,,,,,model probability 9.6% vs market price 10.5% -> edge -0.9% | sigma=3.71F (source: stratum)
2026-08-18T14:08:45.640346+00:00,ORD,KORD,2026-08-18,81.0,2,78-79°F,0.085,0.07461323957279936,-0.010386760427200645,SKIP,1,79.0,84-85°F,0.08,0,78-79°F,80-81°F,,,,,model probability 7.5% vs market price 8.5% -> edge -1.0% | sigma=4.24F (source: stratum)
2026-08-18T14:08:45.951007+00:00,LGA,KLGA,2026-08-18,86.0,2,88-89°F,0.08,0.08370672114833255,0.0037067211483325507,WATCH,0,85.0,85-86°F,0.16,1,84-85°F,85-86°F,,,,,model probability 8.4% vs market price 8.0% -> edge +0.4% | sigma=2.83F (source: stratum)
2026-08-19T14:08:38.162582+00:00,LAX,KLAX,2026-08-19,81.0,1,82-83°F,0.18,0.17797756392284825,-0.0020224360771517458,SKIP,0,80.0,78-79°F,0.07,0,80-81°F,82-83°F,,,,,model probability 17.8% vs market price 18.0% -> edge -0.2% | sigma=1.88F (source: stratum)
2026-08-19T14:08:38.574272+00:00,SFO,KSFO,2026-08-19,74.0,3,74-75°F,0.05,0.11914562616000479,0.06914562616000479,GO,0,67.0,73-74°F,0.12,0,66-67°F,≤68°F,,,,,model probability 11.9% vs market price 5.0% -> edge +6.9% | sigma=2.78F (source: stratum)
2026-08-19T14:08:38.989926+00:00,MIA,KMIA,2026-08-19,98.0,2,94-95°F,0.175,0.07327934089600835,-0.10172065910399164,SKIP,1,95.0,≥99°F,0.11,,94-95°F,,,,,,model probability 7.3% vs market price 17.5% -> edge -10.2% | sigma=3.61F (source: stratum)
2026-08-19T14:08:39.441826+00:00,ORD,KORD,2026-08-19,79.0,2,76-77°F,0.12,0.0758177416946017,-0.04418225830539829,SKIP,0,79.0,≥82°F,0.15,,78-79°F,,,,,,model probability 7.6% vs market price 12.0% -> edge -4.4% | sigma=4.19F (source: stratum)
2026-08-19T14:08:39.876711+00:00,LGA,KLGA,2026-08-19,87.0,1,84-85°F,0.115,0.10585036117262131,-0.009149638827378695,SKIP,0,87.0,89-90°F,0.08,0,86-87°F,85-86°F,,,,,model probability 10.6% vs market price 11.5% -> edge -0.9% | sigma=2.90F (source: pooled)
2026-08-20T14:11:47.345911+00:00,LAX,KLAX,2026-08-20,81.0,1,82-83°F,0.12,0.17755545684590557,0.05755545684590557,GO,0,77.0,79-80°F,0.21,0,76-77°F,77-78°F,,,,,model probability 17.8% vs market price 12.0% -> edge +5.8% | sigma=1.86F (source: stratum)
2026-08-20T14:11:47.547799+00:00,SFO,KSFO,2026-08-20,70.0,2,64-65°F,0.205,0.05123422308171699,-0.153765776918283,SKIP,0,68.0,≤66°F,0.37,,68-69°F,,,,,,model probability 5.1% vs market price 20.5% -> edge -15.4% | sigma=6.20F (source: stratum)
2026-08-20T14:11:47.753639+00:00,MIA,KMIA,2026-08-20,94.0,2,96-97°F,0.055,0.08196823317801516,0.02696823317801516,WATCH,0,93.0,91-92°F,0.08,0,92-93°F,93-94°F,,,,,model probability 8.2% vs market price 5.5% -> edge +2.7% | sigma=3.58F (source: stratum)
2026-08-20T14:11:47.967585+00:00,ORD,KORD,2026-08-20,79.0,2,80-81°F,0.11,0.0928717804452821,-0.017128219554717897,SKIP,0,77.0,81-82°F,0.13,0,76-77°F,,,,,,model probability 9.3% vs market price 11.0% -> edge -1.7% | sigma=4.11F (source: stratum)
2026-08-20T14:11:48.275579+00:00,LGA,KLGA,2026-08-20,84.0,3,86-87°F,0.215,0.08055770117430028,-0.13444229882569972,SKIP,0,85.0,≥86°F,0.15,,84-85°F,,,,,,model probability 8.1% vs market price 21.5% -> edge -13.4% | sigma=3.53F (source: stratum)
2026-08-21T14:08:36.691432+00:00,LAX,KLAX,2026-08-21,81.0,1,78-79°F,0.145,0.07613470163142799,-0.068865298368572,SKIP,0,81.0,≥84°F,0.19,,80-81°F,,,,,,model probability 7.6% vs market price 14.5% -> edge -6.9% | sigma=1.97F (source: stratum)
2026-08-21T14:08:36.884821+00:00,SFO,KSFO,2026-08-21,69.0,2,64-65°F,0.05,0.05727856073928084,0.007278560739280834,WATCH,0,67.0,70-71°F,0.15,0,66-67°F,68-69°F,,,,,model probability 5.7% vs market price 5.0% -> edge +0.7% | sigma=6.08F (source: stratum)
2026-08-21T14:08:37.092300+00:00,MIA,KMIA,2026-08-21,93.0,1,94-95°F,0.155,0.07673404552988772,-0.07826595447011228,SKIP,0,92.0,94-95°F,0.14,1,92-93°F,94-95°F,,,,,model probability 7.7% vs market price 15.5% -> edge -7.8% | sigma=0.96F (source: stratum)
2026-08-21T14:08:37.285962+00:00,ORD,KORD,2026-08-21,80.0,2,76-77°F,0.06,0.06397119420945419,0.0039711942094541874,WATCH,0,80.0,78-79°F,0.2,0,80-81°F,,,,,,model probability 6.4% vs market price 6.0% -> edge +0.4% | sigma=4.06F (source: stratum)
2026-08-21T14:08:37.499223+00:00,LGA,KLGA,2026-08-21,78.0,3,74-75°F,0.065,0.07686686311212221,0.011866863112122206,WATCH,0,78.0,≤76°F,0.32,,78-79°F,,,,,,model probability 7.7% vs market price 6.5% -> edge +1.2% | sigma=3.37F (source: stratum)
2026-08-22T13:54:38.862489+00:00,LAX,KLAX,2026-08-22,82.0,1,84-85°F,0.05,0.10596385885715098,0.05596385885715098,GO,0,82.0,80-81°F,0.21,0,82-83°F,82-83°F,,,,,model probability 10.6% vs market price 5.0% -> edge +5.6% | sigma=1.94F (source: stratum)
2026-08-22T13:54:39.002522+00:00,SFO,KSFO,2026-08-22,72.0,2,74-75°F,0.075,0.054235702627155824,-0.020764297372844173,SKIP,0,68.0,73-74°F,0.18,0,68-69°F,,,,,,model probability 5.4% vs market price 7.5% -> edge -2.1% | sigma=5.96F (source: stratum)
2026-08-22T13:54:39.154395+00:00,MIA,KMIA,2026-08-22,94.0,1,94-95°F,0.255,0.284220386469328,0.029220386469328008,WATCH,1,94.0,≥96°F,0.07,,94-95°F,,,,,,model probability 28.4% vs market price 25.5% -> edge +2.9% | sigma=0.94F (source: stratum)
2026-08-22T13:54:39.288058+00:00,ORD,KORD,2026-08-22,80.0,1,82-83°F,0.06,0.09005836975242743,0.030058369752427427,WATCH,0,81.0,78-79°F,0.08,0,80-81°F,82-83°F,,,,,model probability 9.0% vs market price 6.0% -> edge +3.0% | sigma=3.66F (source: pooled)
2026-08-22T13:54:39.568476+00:00,LGA,KLGA,2026-08-22,76.0,2,72-73°F,0.105,0.07594004633949475,-0.029059953660505247,SKIP,0,77.0,77-78°F,0.18,1,76-77°F,77-78°F,,,,,model probability 7.6% vs market price 10.5% -> edge -2.9% | sigma=2.78F (source: stratum)
2026-08-23T13:56:46.195292+00:00,LAX,KLAX,2026-08-23,84.0,2,,,0.0,0.0,WATCH,,84.0,81-82°F,0.06,0,,,,,,,"every bucket priced below 5% -- market likely too thin/new to trust yet, not treating any of them as real edge"
2026-08-23T13:56:46.723269+00:00,SFO,KSFO,2026-08-23,75.0,3,70-71°F,0.095,0.07804116145697904,-0.016958838543020965,SKIP,0,76.0,69-70°F,0.05,0,76-77°F,≥77°F,,,,,model probability 7.8% vs market price 9.5% -> edge -1.7% | sigma=2.83F (source: stratum)
2026-08-23T13:56:47.108090+00:00,MIA,KMIA,2026-08-23,93.0,2,94-95°F,0.155,0.09938114276789489,-0.05561885723210511,SKIP,0,92.0,94-95°F,0.14,0,92-93°F,92-93°F,,,,,model probability 9.9% vs market price 15.5% -> edge -5.6% | sigma=3.49F (source: stratum)
2026-08-23T13:56:47.501688+00:00,ORD,KORD,2026-08-23,76.0,2,78-79°F,0.105,0.08537417422705884,-0.019625825772941155,SKIP,0,76.0,76-77°F,0.31,1,76-77°F,76-77°F,,,,,model probability 8.5% vs market price 10.5% -> edge -2.0% | sigma=3.99F (source: stratum)
2026-08-23T13:56:47.920741+00:00,LGA,KLGA,2026-08-23,82.0,2,80-81°F,0.25,0.1323117452616357,-0.1176882547383643,SKIP,0,83.0,84-85°F,0.05,0,82-83°F,,,,,,model probability 13.2% vs market price 25.0% -> edge -11.8% | sigma=2.74F (source: stratum)
2026-08-24T14:21:02.319855+00:00,LAX,KLAX,2026-08-24,83.0,2,86-87°F,0.06,0.07047789335254317,0.010477893352543177,WATCH,0,82.0,86-87°F,0.15,0,82-83°F,84-85°F,,,,,model probability 7.0% vs market price 6.0% -> edge +1.0% | sigma=4.18F (source: stratum)
2026-08-24T14:21:02.812105+00:00,SFO,KSFO,2026-08-24,73.0,2,74-75°F,0.075,0.06022276395039061,-0.014777236049609385,SKIP,0,71.0,≤68°F,0.11,,70-71°F,,,,,,model probability 6.0% vs market price 7.5% -> edge -1.5% | sigma=5.88F (source: stratum)
2026-08-24T14:21:03.256914+00:00,MIA,KMIA,2026-08-24,92.0,1,92-93°F,0.39,0.2832290134973521,-0.10677098650264794,SKIP,0,91.0,90-91°F,0.41,1,90-91°F,90-91°F,,,,,model probability 28.3% vs market price 39.0% -> edge -10.7% | sigma=0.92F (source: stratum)
2026-08-24T14:21:03.710313+00:00,ORD,KORD,2026-08-24,78.0,2,76-77°F,0.35,0.09162858112182265,-0.25837141887817733,SKIP,0,78.0,79-80°F,0.43,1,78-79°F,79-80°F,,,,,model probability 9.2% vs market price 35.0% -> edge -25.8% | sigma=3.93F (source: stratum)
2026-08-24T14:21:04.150376+00:00,LGA,KLGA,2026-08-24,81.0,2,78-79°F,0.055,0.1056794638974996,0.0506794638974996,GO,0,81.0,82-83°F,0.05,0,80-81°F,78-79°F,,,,,model probability 10.6% vs market price 5.5% -> edge +5.1% | sigma=2.71F (source: stratum)
2026-08-25T14:23:18.671849+00:00,LAX,KLAX,2026-08-25,83.0,2,80-81°F,0.055,0.07871886812730333,0.02371886812730333,WATCH,0,84.0,87-88°F,0.07,0,84-85°F,,,,,,model probability 7.9% vs market price 5.5% -> edge +2.4% | sigma=4.03F (source: stratum)
2026-08-25T14:23:18.845754+00:00,SFO,KSFO,2026-08-25,72.0,2,72-73°F,0.215,0.0654931863905629,-0.1495068136094371,SKIP,0,67.0,68-69°F,0.08,1,66-67°F,68-69°F,,,,,model probability 6.5% vs market price 21.5% -> edge -15.0% | sigma=5.77F (source: stratum)
2026-08-25T14:23:19.019264+00:00,MIA,KMIA,2026-08-25,93.0,1,92-93°F,0.445,0.41286612067479045,-0.03213387932520956,SKIP,1,92.0,94-95°F,0.07,0,92-93°F,92-93°F,,,,,model probability 41.3% vs market price 44.5% -> edge -3.2% | sigma=0.91F (source: stratum)
2026-08-25T14:23:19.215111+00:00,ORD,KORD,2026-08-25,80.0,2,82-83°F,0.09,0.0871748003584839,-0.0028251996415160907,SKIP,0,80.0,78-79°F,0.11,0,80-81°F,80-81°F,,,,,model probability 8.7% vs market price 9.0% -> edge -0.3% | sigma=3.86F (source: stratum)
2026-08-25T14:23:19.417839+00:00,LGA,KLGA,2026-08-25,81.0,3,82-83°F,0.055,0.10608967508006573,0.051089675080065726,GO,0,79.0,79-80°F,0.36,0,78-79°F,,,,,,model probability 10.6% vs market price 5.5% -> edge +5.1% | sigma=3.21F (source: stratum)
2026-08-26T14:21:11.225655+00:00,LAX,KLAX,2026-08-26,86.0,2,82-83°F,0.05,0.0646342417238529,0.0146342417238529,WATCH,0,87.0,≥90°F,0.11,,86-87°F,,,,,,model probability 6.5% vs market price 5.0% -> edge +1.5% | sigma=3.85F (source: stratum)
2026-08-26T14:21:11.514823+00:00,SFO,KSFO,2026-08-26,79.0,2,78-79°F,0.075,0.06856853040002875,-0.0064314695999712485,SKIP,0,76.0,≤71°F,0.11,,76-77°F,,,,,,model probability 6.9% vs market price 7.5% -> edge -0.6% | sigma=5.73F (source: stratum)
2026-08-26T14:21:11.827378+00:00,MIA,KMIA,2026-08-26,92.0,2,92-93°F,0.3,0.11256070418281716,-0.18743929581718283,SKIP,1,92.0,93-94°F,0.33,0,92-93°F,91-92°F,,,,,model probability 11.3% vs market price 30.0% -> edge -18.7% | sigma=3.42F (source: stratum)
2026-08-26T14:21:12.098631+00:00,ORD,KORD,2026-08-26,83.0,2,86-87°F,0.07,0.07276978958162017,0.0027697895816201634,WATCH,0,84.0,87-88°F,0.1,0,84-85°F,85-86°F,,,,,model probability 7.3% vs market price 7.0% -> edge +0.3% | sigma=3.80F (source: stratum)
2026-08-26T14:21:12.377576+00:00,LGA,KLGA,2026-08-26,83.0,2,84-85°F,0.11,0.11800617151660608,0.008006171516606084,WATCH,0,82.0,82-83°F,0.45,0,82-83°F,80-81°F,,,,,model probability 11.8% vs market price 11.0% -> edge +0.8% | sigma=2.66F (source: stratum)
2026-08-27T23:02:19.540410+00:00,LAX,KLAX,2026-08-27,86.0,4,,,0.0,0.0,WATCH,,88.0,88-89°F,0.29,0,,≥90°F,2.61,pooled,,,every bucket priced outside the 5%-95% trust band -- market likely too thin/new to trust yet
2026-08-27T23:02:19.932687+00:00,SFO,KSFO,2026-08-27,74.0,2,74-75°F,0.065,0.0662868541875441,0.0012868541875440953,WATCH,0,73.0,71-72°F,0.11,0,72-73°F,73-74°F,5.65,stratum,,,model probability 6.6% vs market price 6.5% -> edge +0.1% | sigma=5.65F (source: stratum)
2026-08-27T23:02:20.280198+00:00,MIA,KMIA,2026-08-27,92.0,1,,,0.0,0.0,WATCH,,93.2,,,,,,0.9,stratum,,,every bucket priced outside the 5%-95% trust band -- market likely too thin/new to trust yet
2026-08-27T23:02:20.642965+00:00,ORD,KORD,2026-08-27,81.0,1,,,0.0,0.0,WATCH,,82.0,80-81°F,0.89,1,,80-81°F,3.46,pooled,,,every bucket priced outside the 5%-95% trust band -- market likely too thin/new to trust yet
2026-08-27T23:02:21.012973+00:00,LGA,KLGA,2026-08-27,82.0,2,78-79°F,0.0555,0.07389439321962255,0.018394393219622544,WATCH,0,77.0,≤79°F,0.89,,76-77°F,,2.63,stratum,,,model probability 7.4% vs market price 5.5% -> edge +1.8% | sigma=2.63F (source: stratum)
2026-08-28T23:10:35.434019+00:00,LAX,KLAX,2026-08-28,85.0,2,84-85°F,0.945,0.10508698592710258,-0.8399130140728974,SKIP,1,85.0,,,,84-85°F,,3.7,stratum,,,model probability 10.5% vs market price 94.5% -> edge -84.0% | sigma=3.70F (source: stratum)
2026-08-28T23:10:35.645404+00:00,SFO,KSFO,2026-08-28,69.0,2,64-65°F,0.915,0.06193097643921025,-0.8530690235607898,SKIP,1,65.0,,,,64-65°F,,5.55,stratum,,,model probability 6.2% vs market price 91.5% -> edge -85.3% | sigma=5.55F (source: stratum)
2026-08-28T23:10:35.850831+00:00,MIA,KMIA,2026-08-28,92.0,1,,,0.0,0.0,WATCH,,93.0,,,,,,0.94,stratum,,,every bucket priced outside the 5%-95% trust band -- market likely too thin/new to trust yet
2026-08-28T23:10:36.092605+00:00,ORD,KORD,2026-08-28,82.0,1,,,0.0,0.0,WATCH,,83.0,,,,,,3.43,pooled,,,every bucket priced outside the 5%-95% trust band -- market likely too thin/new to trust yet
2026-08-28T23:10:36.312780+00:00,LGA,KLGA,2026-08-28,83.0,2,,,0.0,0.0,WATCH,,84.0,,,,,,2.71,stratum,,,every bucket priced outside the 5%-95% trust band -- market likely too thin/new to trust yet
2026-08-29T17:20:37.158292+00:00,LAX,KLAX,2026-08-29,84.0,1,88-89°F,0.065,0.019211675131830752,-0.04578832486816925,SKIP,0,85.0,83-84°F,0.21,0,84-85°F,≥87°F,1.91,stratum,,,model probability 1.9% vs market price 6.5% -> edge -4.6% | sigma=1.91F (source: stratum)
2026-08-29T17:20:37.364059+00:00,SFO,KSFO,2026-08-29,68.0,1,70-71°F,0.11,0.05798261311227826,-0.05201738688772174,SKIP,1,70.0,67-68°F,0.22,0,70-71°F,71-72°F,4.91,pooled,,,model probability 5.8% vs market price 11.0% -> edge -5.2% | sigma=4.91F (source: pooled)
2026-08-29T17:20:37.523570+00:00,MIA,KMIA,2026-08-29,92.0,1,90-91°F,0.08,0.19465564871557323,0.11465564871557322,GO,0,85.0,90-91°F,0.11,0,84-85°F,≤87°F,0.96,stratum,,,model probability 19.5% vs market price 8.0% -> edge +11.5% | sigma=0.96F (source: stratum)
2026-08-29T17:20:37.699780+00:00,ORD,KORD,2026-08-29,81.0,2,78-79°F,0.19,0.08039832380310402,-0.10960167619689598,SKIP,0,80.0,80-81°F,0.43,0,80-81°F,82-83°F,3.75,stratum,,,model probability 8.0% vs market price 19.0% -> edge -11.0% | sigma=3.75F (source: stratum)
2026-08-29T17:20:37.890248+00:00,LGA,KLGA,2026-08-29,81.0,2,76-77°F,0.1,0.04681037129734539,-0.05318962870265462,SKIP,0,79.0,79-80°F,0.18,0,78-79°F,≤78°F,2.68,stratum,,,model probability 4.7% vs market price 10.0% -> edge -5.3% | sigma=2.68F (source: stratum)
2026-08-30T17:44:27.406775+00:00,LAX,KLAX,2026-08-30,82.0,2,84-85°F,0.37,0.09207567490282886,-0.27792432509717113,SKIP,0,83.0,82-83°F,0.33,0,82-83°F,≥84°F,3.58,stratum,"[{""label"": ""70-71\u00b0F"", ""price"": 0.0005, ""model_prob"": 0.0005, ""edge"": 0.0}, {""label"": ""72-73\u00b0F"", ""price"": 0.0005, ""model_prob"": 0.0027, ""edge"": 0.0022}, {""label"": ""74-75\u00b0F"", ""price"": 0.0005, ""model_prob"": 0.0105, ""edge"": 0.01}, {""label"": ""76-77\u00b0F"", ""price"": 0.0005, ""model_prob"": 0.0302, ""edge"": 0.0297}, {""label"": ""78-79\u00b0F"", ""price"": 0.0005, ""model_prob"": 0.0635, ""edge"": 0.063}, {""label"": ""80-81\u00b0F"", ""price"": 0.045, ""model_prob"": 0.098, ""edge"": 0.053}, {""label"": ""82-83\u00b0F"", ""price"": 0.505, ""model_prob"": 0.1109, ""edge"": -0.3941}, {""label"": ""84-85\u00b0F"", ""price"": 0.37, ""model_prob"": 0.0921, ""edge"": -0.2779}, {""label"": ""86-87\u00b0F"", ""price"": 0.045, ""model_prob"": 0.0561, ""edge"": 0.0111}]","[{""label"": ""\u226475\u00b0F"", ""price"": 0.01, ""model_prob"": 0.0207, ""edge"": 0.0107}, {""label"": ""76-77\u00b0F"", ""price"": 0.01, ""model_prob"": 0.0302, ""edge"": 0.0202}, {""label"": ""78-79\u00b0F"", ""price"": 0.01, ""model_prob"": 0.0635, ""edge"": 0.0535}, {""label"": ""80-81\u00b0F"", ""price"": 0.01, ""model_prob"": 0.098, ""edge"": 0.088}, {""label"": ""82-83\u00b0F"", ""price"": 0.33, ""model_prob"": 0.1109, ""edge"": -0.2191}, {""label"": ""\u226584\u00b0F"", ""price"": 0.65, ""model_prob"": 0.3174, ""edge"": -0.3326}]",model probability 9.2% vs market price 37.0% -> edge -27.8% | sigma=3.58F (source: stratum)
2026-08-30T17:44:27.766989+00:00,SFO,KSFO,2026-08-30,69.0,2,72-73°F,0.05,0.048320141291022134,-0.0016798587089778688,SKIP,0,71.0,66-67°F,0.08,0,70-71°F,70-71°F,5.48,stratum,"[{""label"": ""60-61\u00b0F"", ""price"": 0.0005, ""model_prob"": 0.0319, ""edge"": 0.0314}, {""label"": ""62-63\u00b0F"", ""price"": 0.0105, ""model_prob"": 0.0477, ""edge"": 0.0372}, {""label"": ""64-65\u00b0F"", ""price"": 0.025, ""model_prob"": 0.0624, ""edge"": 0.0374}, {""label"": ""66-67\u00b0F"", ""price"": 0.075, ""model_prob"": 0.0714, ""edge"": -0.0036}, {""label"": ""68-69\u00b0F"", ""price"": 0.445, ""model_prob"": 0.0716, ""edge"": -0.3734}, {""label"": ""70-71\u00b0F"", ""price"": 0.395, ""model_prob"": 0.0629, ""edge"": -0.3321}, {""label"": ""72-73\u00b0F"", ""price"": 0.05, ""model_prob"": 0.0483, ""edge"": -0.0017}, {""label"": ""74-75\u00b0F"", ""price"": 0.0035, ""model_prob"": 0.0325, ""edge"": 0.029}, {""label"": ""76-77\u00b0F"", ""price"": 0.002, ""model_prob"": 0.0192, ""edge"": 0.0172}]","[{""label"": ""\u226465\u00b0F"", ""price"": 0.01, ""model_prob"": 0.3215, ""edge"": 0.3115}, {""label"": ""66-67\u00b0F"", ""price"": 0.08, ""model_prob"": 0.0714, ""edge"": -0.0086}, {""label"": ""68-69\u00b0F"", ""price"": 0.3, ""model_prob"": 0.0716, ""edge"": -0.2284}, {""label"": ""70-71\u00b0F"", ""price"": 0.48, ""model_prob"": 0.0629, ""edge"": -0.4171}, {""label"": ""72-73\u00b0F"", ""price"": 0.04, ""model_prob"": 0.0483, ""edge"": 0.0083}, {""label"": ""\u226574\u00b0F"", ""price"": 0.02, ""model_prob"": 0.1192, ""edge"": 0.0992}]",model probability 4.8% vs market price 5.0% -> edge -0.2% | sigma=5.48F (source: stratum)
2026-08-30T17:44:28.140134+00:00,MIA,KMIA,2026-08-30,92.0,2,92-93°F,0.115,0.1144122304834635,-0.0005877695165365099,SKIP,0,91.0,89-90°F,0.23,0,90-91°F,91-92°F,3.34,stratum,"[{""label"": ""80-81\u00b0F"", ""price"": 0.0005, ""model_prob"": 0.0005, ""edge"": 0.0}, {""label"": ""82-83\u00b0F"", ""price"": 0.0005, ""model_prob"": 0.0031, ""edge"": 0.0026}, {""label"": ""84-85\u00b0F"", ""price"": 0.0005, ""model_prob"": 0.013, ""edge"": 0.0125}, {""label"": ""86-87\u00b0F"", ""price"": 0.0005, ""model_prob"": 0.0381, ""edge"": 0.0376}, {""label"": ""88-89\u00b0F"", ""price"": 0.0005, ""model_prob"": 0.0785, ""edge"": 0.078}, {""label"": ""90-91\u00b0F"", ""price"": 0.88, ""model_prob"": 0.1132, ""edge"": -0.7668}, {""label"": ""92-93\u00b0F"", ""price"": 0.115, ""model_prob"": 0.1144, ""edge"": -0.0006}, {""label"": ""94-95\u00b0F"", ""price"": 0.0095, ""model_prob"": 0.081, ""edge"": 0.0715}, {""label"": ""96-97\u00b0F"", ""price"": 0.005, ""model_prob"": 0.0402, ""edge"": 0.0352}]","[{""label"": ""\u226486\u00b0F"", ""price"": 0.01, ""model_prob"": 0.048, ""edge"": 0.038}, {""label"": ""87-88\u00b0F"", ""price"": 0.01, ""model_prob"": 0.0572, ""edge"": 0.0472}, {""label"": ""89-90\u00b0F"", ""price"": 0.23, ""model_prob"": 0.0985, ""edge"": -0.1315}, {""label"": ""91-92\u00b0F"", ""price"": 0.67, ""model_prob"": 0.119, ""edge"": -0.551}, {""label"": ""93-94\u00b0F"", ""price"": 0.01, ""model_prob"": 0.1007, ""edge"": 0.0907}, {""label"": ""\u226595\u00b0F"", ""price"": 0.02, ""model_prob"": 0.1515, ""edge"": 0.1315}]",model probability 11.4% vs market price 11.5% -> edge -0.1% | sigma=3.34F (source: stratum)
2026-08-30T17:44:28.493202+00:00,ORD,KORD,2026-08-30,85.0,3,86-87°F,0.075,0.16965265651914807,0.09465265651914807,GO,0,82.0,≤85°F,0.92,,82-83°F,,1.89,stratum,"[{""label"": ""78-79\u00b0F"", ""price"": 0.0005, ""model_prob"": 0.0004, ""edge"": -0.0001}, {""label"": ""80-81\u00b0F"", ""price"": 0.065, ""model_prob"": 0.0093, ""edge"": -0.0557}, {""label"": ""82-83\u00b0F"", ""price"": 0.4, ""model_prob"": 0.0731, ""edge"": -0.3269}, {""label"": ""84-85\u00b0F"", ""price"": 0.475, ""model_prob"": 0.1924, ""edge"": -0.2826}, {""label"": ""86-87\u00b0F"", ""price"": 0.075, ""model_prob"": 0.1697, ""edge"": 0.0947}, {""label"": ""88-89\u00b0F"", ""price"": 0.005, ""model_prob"": 0.0501, ""edge"": 0.0451}, {""label"": ""90-91\u00b0F"", ""price"": 0.004, ""model_prob"": 0.0049, ""edge"": 0.0009}, {""label"": ""92-93\u00b0F"", ""price"": 0.0005, ""model_prob"": 0.0002, ""edge"": -0.0003}, {""label"": ""94-95\u00b0F"", ""price"": 0.0005, ""model_prob"": 0.0, ""edge"": -0.0005}]","[{""label"": ""\u226485\u00b0F"", ""price"": 0.92, ""model_prob"": 0.4432, ""edge"": -0.4768}, {""label"": ""86-87\u00b0F"", ""price"": 0.03, ""model_prob"": 0.1697, ""edge"": 0.1397}, {""label"": ""88-89\u00b0F"", ""price"": 0.03, ""model_prob"": 0.0501, ""edge"": 0.0201}, {""label"": ""90-91\u00b0F"", ""price"": 0.01, ""model_prob"": 0.0049, ""edge"": -0.0051}, {""label"": ""92-93\u00b0F"", ""price"": 0.01, ""model_prob"": 0.0002, ""edge"": -0.0098}, {""label"": ""\u226594\u00b0F"", ""price"": 0.01, ""model_prob"": 0.0, ""edge"": -0.01}]",model probability 17.0% vs market price 7.5% -> edge +9.5% | sigma=1.89F (source: stratum)
2026-08-30T17:44:28.875723+00:00,LGA,KLGA,2026-08-30,84.0,2,78-79°F,0.095,0.024939361659059578,-0.07006063834094042,SKIP,0,81.0,82-83°F,0.12,0,80-81°F,≤81°F,2.66,stratum,"[{""label"": ""74-75\u00b0F"", ""price"": 0.0005, ""model_prob"": 0.0005, ""edge"": -0.0}, {""label"": ""76-77\u00b0F"", ""price"": 0.0005, ""model_prob"": 0.0046, ""edge"": 0.0041}, {""label"": ""78-79\u00b0F"", ""price"": 0.095, ""model_prob"": 0.0249, ""edge"": -0.0701}, {""label"": ""80-81\u00b0F"", ""price"": 0.375, ""model_prob"": 0.0775, ""edge"": -0.2975}, {""label"": ""82-83\u00b0F"", ""price"": 0.475, ""model_prob"": 0.1378, ""edge"": -0.3372}, {""label"": ""84-85\u00b0F"", ""price"": 0.045, ""model_prob"": 0.1402, ""edge"": 0.0952}, {""label"": ""86-87\u00b0F"", ""price"": 0.015, ""model_prob"": 0.0815, ""edge"": 0.0665}, {""label"": ""88-89\u00b0F"", ""price"": 0.001, ""model_prob"": 0.0271, ""edge"": 0.0261}, {""label"": ""90-91\u00b0F"", ""price"": 0.0005, ""model_prob"": 0.0052, ""edge"": 0.0047}]","[{""label"": ""\u226481\u00b0F"", ""price"": 0.78, ""model_prob"": 0.1679, ""edge"": -0.6121}, {""label"": ""82-83\u00b0F"", ""price"": 0.12, ""model_prob"": 0.1378, ""edge"": 0.0178}, {""label"": ""84-85\u00b0F"", ""price"": 0.01, ""model_prob"": 0.1402, ""edge"": 0.1302}, {""label"": ""86-87\u00b0F"", ""price"": 0.01, ""model_prob"": 0.0815, ""edge"": 0.0715}, {""label"": ""88-89\u00b0F"", ""price"": 0.01, ""model_prob"": 0.0271, ""edge"": 0.0171}, {""label"": ""\u226590\u00b0F"", ""price"": 0.01, ""model_prob"": 0.0077, ""edge"": -0.0023}]",model probability 2.5% vs market price 9.5% -> edge -7.0% | sigma=2.66F (source: stratum)
2026-08-31T19:36:12.223058+00:00,LAX,KLAX,2026-08-31,77.0,2,80-81°F,0.12,0.07537322377084443,-0.04462677622915556,SKIP,0,78.0,≥80°F,0.34,,78-79°F,,3.45,stratum,"[{""label"": ""66-67\u00b0F"", ""price"": 0.0005, ""model_prob"": 0.0009, ""edge"": 0.0004}, {""label"": ""68-69\u00b0F"", ""price"": 0.0005, ""model_prob"": 0.0045, ""edge"": 0.004}, {""label"": ""70-71\u00b0F"", ""price"": 0.0005, ""model_prob"": 0.0166, ""edge"": 0.0161}, {""label"": ""72-73\u00b0F"", ""price"": 0.0005, ""model_prob"": 0.0439, ""edge"": 0.0434}, {""label"": ""74-75\u00b0F"", ""price"": 0.0005, ""model_prob"": 0.0829, ""edge"": 0.0824}, {""label"": ""76-77\u00b0F"", ""price"": 0.0005, ""model_prob"": 0.1121, ""edge"": 0.1116}, {""label"": ""78-79\u00b0F"", ""price"": 0.86, ""model_prob"": 0.1086, ""edge"": -0.7514}, {""label"": ""80-81\u00b0F"", ""price"": 0.12, ""model_prob"": 0.0754, ""edge"": -0.0446}, {""label"": ""82-83\u00b0F"", ""price"": 0.035, ""model_prob"": 0.0375, ""edge"": 0.0025}]","[{""label"": ""\u226471\u00b0F"", ""price"": 0.01, ""model_prob"": 0.0337, ""edge"": 0.0237}, {""label"": ""72-73\u00b0F"", ""price"": 0.01, ""model_prob"": 0.0439, ""edge"": 0.0339}, {""label"": ""74-75\u00b0F"", ""price"": 0.01, ""model_prob"": 0.0829, ""edge"": 0.0729}, {""label"": ""76-77\u00b0F"", ""price"": 0.01, ""model_prob"": 0.1121, ""edge"": 0.1021}, {""label"": ""78-79\u00b0F"", ""price"": 0.65, ""model_prob"": 0.1086, ""edge"": -0.5414}, {""label"": ""\u226580\u00b0F"", ""price"": 0.34, ""model_prob"": 0.2178, ""edge"": -0.1222}]",model probability 7.5% vs market price 12.0% -> edge -4.5% | sigma=3.45F (source: stratum)
2026-08-31T19:36:12.534932+00:00,SFO,KSFO,2026-08-31,66.0,2,68-69°F,0.06,0.05690433488804736,-0.003095665111952639,SKIP,0,66.0,68-69°F,0.06,0,66-67°F,66-67°F,5.41,stratum,"[{""label"": ""58-59\u00b0F"", ""price"": 0.0005, ""model_prob"": 0.039, ""edge"": 0.0385}, {""label"": ""60-61\u00b0F"", ""price"": 0.0005, ""model_prob"": 0.0552, ""edge"": 0.0547}, {""label"": ""62-63\u00b0F"", ""price"": 0.12, ""model_prob"": 0.0683, ""edge"": -0.0517}, {""label"": ""64-65\u00b0F"", ""price"": 0.49, ""model_prob"": 0.0736, ""edge"": -0.4164}, {""label"": ""66-67\u00b0F"", ""price"": 0.355, ""model_prob"": 0.0693, ""edge"": -0.2857}, {""label"": ""68-69\u00b0F"", ""price"": 0.06, ""model_prob"": 0.0569, ""edge"": -0.0031}, {""label"": ""70-71\u00b0F"", ""price"": 0.02, ""model_prob"": 0.0408, ""edge"": 0.0208}, {""label"": ""72-73\u00b0F"", ""price"": 0.0015, ""model_prob"": 0.0255, ""edge"": 0.024}, {""label"": ""74-75\u00b0F"", ""price"": 0.0015, ""model_prob"": 0.0139, ""edge"": 0.0124}]","[{""label"": ""\u226463\u00b0F"", ""price"": 0.03, ""model_prob"": 0.383, ""edge"": 0.353}, {""label"": ""64-65\u00b0F"", ""price"": 0.27, ""model_prob"": 0.0736, ""edge"": -0.1964}, {""label"": ""66-67\u00b0F"", ""price"": 0.6, ""model_prob"": 0.0693, ""edge"": -0.5307}, {""label"": ""68-69\u00b0F"", ""price"": 0.06, ""model_prob"": 0.0569, ""edge"": -0.0031}, {""label"": ""70-71\u00b0F"", ""price"": 0.01, ""model_prob"": 0.0408, ""edge"": 0.0308}, {""label"": ""\u226572\u00b0F"", ""price"": 0.01, ""model_prob"": 0.086, ""edge"": 0.076}]",model probability 5.7% vs market price 6.0% -> edge -0.3% | sigma=5.41F (source: stratum)
2026-08-31T19:36:12.720257+00:00,MIA,KMIA,2026-08-31,92.0,1,92-93°F,0.055,0.20603447631831684,0.15103447631831685,GO,0,91.0,91-92°F,0.95,1,90-91°F,91-92°F,1.61,stratum,"[{""label"": ""80-81\u00b0F"", ""price"": 0.0005, ""model_prob"": 0.0, ""edge"": -0.0005}, {""label"": ""82-83\u00b0F"", ""price"": 0.0005, ""model_prob"": 0.0, ""edge"": -0.0005}, {""label"": ""84-85\u00b0F"", ""price"": 0.0005, ""model_prob"": 0.0, ""edge"": -0.0005}, {""label"": ""86-87\u00b0F"", ""price"": 0.0005, ""model_prob"": 0.0021, ""edge"": 0.0016}, {""label"": ""88-89\u00b0F"", ""price"": 0.0005, ""model_prob"": 0.0429, ""edge"": 0.0424}, {""label"": ""90-91\u00b0F"", ""price"": 0.959, ""model_prob"": 0.1985, ""edge"": -0.7605}, {""label"": ""92-93\u00b0F"", ""price"": 0.055, ""model_prob"": 0.206, ""edge"": 0.151}, {""label"": ""94-95\u00b0F"", ""price"": 0.0065, ""model_prob"": 0.048, ""edge"": 0.0415}, {""label"": ""96-97\u00b0F"", ""price"": 0.0045, ""model_prob"": 0.0025, ""edge"": -0.002}]","[{""label"": ""\u226486\u00b0F"", ""price"": 0.01, ""model_prob"": 0.0003, ""edge"": -0.0097}, {""label"": ""87-88\u00b0F"", ""price"": 0.01, ""model_prob"": 0.0114, ""edge"": 0.0014}, {""label"": ""89-90\u00b0F"", ""price"": 0.01, ""model_prob"": 0.1112, ""edge"": 0.1012}, {""label"": ""91-92\u00b0F"", ""price"": 0.95, ""model_prob"": 0.2438, ""edge"": -0.7062}, {""label"": ""93-94\u00b0F"", ""price"": 0.04, ""model_prob"": 0.1199, ""edge"": 0.0799}, {""label"": ""\u226595\u00b0F"", ""price"": 0.01, ""model_prob"": 0.0161, ""edge"": 0.0061}]",model probability 20.6% vs market price 5.5% -> edge +15.1% | sigma=1.61F (source: stratum)
2026-08-31T19:36:12.900050+00:00,ORD,KORD,2026-08-31,88.0,3,88-89°F,0.365,0.17518141160478107,-0.18981858839521892,SKIP,0,86.0,89-90°F,0.23,0,86-87°F,91-92°F,2.24,stratum,"[{""label"": ""82-83\u00b0F"", ""price"": 0.0005, ""model_prob"": 0.0072, ""edge"": 0.0067}, {""label"": ""84-85\u00b0F"", ""price"": 0.0005, ""model_prob"": 0.0458, ""edge"": 0.0453}, {""label"": ""86-87\u00b0F"", ""price"": 0.635, ""model_prob"": 0.1326, ""edge"": -0.5024}, {""label"": ""88-89\u00b0F"", ""price"": 0.365, ""model_prob"": 0.1752, ""edge"": -0.1898}, {""label"": ""90-91\u00b0F"", ""price"": 0.025, ""model_prob"": 0.1056, ""edge"": 0.0806}, {""label"": ""92-93\u00b0F"", ""price"": 0.0035, ""model_prob"": 0.0291, ""edge"": 0.0256}, {""label"": ""94-95\u00b0F"", ""price"": 0.003, ""model_prob"": 0.0037, ""edge"": 0.0007}, {""label"": ""96-97\u00b0F"", ""price"": 0.0025, ""model_prob"": 0.0002, ""edge"": -0.0023}, {""label"": ""98-99\u00b0F"", ""price"": 0.001, ""model_prob"": 0.0, ""edge"": -0.001}]","[{""label"": ""\u226488\u00b0F"", ""price"": 0.01, ""model_prob"": 0.4627, ""edge"": 0.4527}, {""label"": ""89-90\u00b0F"", ""price"": 0.23, ""model_prob"": 0.1501, ""edge"": -0.0799}, {""label"": ""91-92\u00b0F"", ""price"": 0.55, ""model_prob"": 0.0611, ""edge"": -0.4889}, {""label"": ""93-94\u00b0F"", ""price"": 0.11, ""model_prob"": 0.0114, ""edge"": -0.0986}, {""label"": ""95-96\u00b0F"", ""price"": 0.02, ""model_prob"": 0.001, ""edge"": -0.019}, {""label"": ""\u226597\u00b0F"", ""price"": 0.01, ""model_prob"": 0.0, ""edge"": -0.01}]",model probability 17.5% vs market price 36.5% -> edge -19.0% | sigma=2.24F (source: stratum)
2026-08-31T19:36:13.291594+00:00,LGA,KLGA,2026-08-31,80.0,3,78-79°F,0.135,0.12226695031944951,-0.012733049680550501,SKIP,0,77.0,,,,76-77°F,,3.08,stratum,"[{""label"": ""74-75\u00b0F"", ""price"": 0.0005, ""model_prob"": 0.0347, ""edge"": 0.0342}, {""label"": ""76-77\u00b0F"", ""price"": 0.84, ""model_prob"": 0.0803, ""edge"": -0.7597}, {""label"": ""78-79\u00b0F"", ""price"": 0.135, ""model_prob"": 0.1223, ""edge"": -0.0127}, {""label"": ""80-81\u00b0F"", ""price"": 0.03, ""model_prob"": 0.1225, ""edge"": 0.0925}, {""label"": ""82-83\u00b0F"", ""price"": 0.0075, ""model_prob"": 0.0808, ""edge"": 0.0733}, {""label"": ""84-85\u00b0F"", ""price"": 0.002, ""model_prob"": 0.0351, ""edge"": 0.0331}, {""label"": ""86-87\u00b0F"", ""price"": 0.0005, ""model_prob"": 0.01, ""edge"": 0.0095}, {""label"": ""88-89\u00b0F"", ""price"": 0.0005, ""model_prob"": 0.0019, ""edge"": 0.0014}, {""label"": ""90-91\u00b0F"", ""price"": 0.0005, ""model_prob"": 0.0002, ""edge"": -0.0003}]","[{""label"": ""\u226477\u00b0F"", ""price"": 0.01, ""model_prob"": 0.2076, ""edge"": 0.1976}, {""label"": ""78-79\u00b0F"", ""price"": 0.97, ""model_prob"": 0.1223, ""edge"": -0.8477}, {""label"": ""80-81\u00b0F"", ""price"": 0.01, ""model_prob"": 0.1225, ""edge"": 0.1125}, {""label"": ""82-83\u00b0F"", ""price"": 0.01, ""model_prob"": 0.0808, ""edge"": 0.0708}, {""label"": ""84-85\u00b0F"", ""price"": 0.01, ""model_prob"": 0.0351, ""edge"": 0.0251}, {""label"": ""\u226586\u00b0F"", ""price"": 0.01, ""model_prob"": 0.0176, ""edge"": 0.0076}]",model probability 12.2% vs market price 13.5% -> edge -1.3% | sigma=3.08F (source: stratum)
2026-09-01T17:25:26.701165+00:00,LAX,KLAX,2026-09-01,75.0,1,72-73°F,0.143,0.06978171090751717,-0.07321828909248282,SKIP,0,75.0,≤75°F,0.24,,74-75°F,,1.89,stratum,"[{""label"": ""66-67\u00b0F"", ""price"": 0.0005, ""model_prob"": 0.0, ""edge"": -0.0005}, {""label"": ""68-69\u00b0F"", ""price"": 0.0005, ""model_prob"": 0.0004, ""edge"": -0.0001}, {""label"": ""70-71\u00b0F"", ""price"": 0.006, ""model_prob"": 0.0086, ""edge"": 0.0026}, {""label"": ""72-73\u00b0F"", ""price"": 0.143, ""model_prob"": 0.0698, ""edge"": -0.0732}, {""label"": ""74-75\u00b0F"", ""price"": 0.58, ""model_prob"": 0.1899, ""edge"": -0.3901}, {""label"": ""76-77\u00b0F"", ""price"": 0.3, ""model_prob"": 0.173, ""edge"": -0.127}, {""label"": ""78-79\u00b0F"", ""price"": 0.03, ""model_prob"": 0.0528, ""edge"": 0.0228}, {""label"": ""80-81\u00b0F"", ""price"": 0.012, ""model_prob"": 0.0054, ""edge"": -0.0066}, {""label"": ""82-83\u00b0F"", ""price"": 0.005, ""model_prob"": 0.0002, ""edge"": -0.0048}]","[{""label"": ""\u226475\u00b0F"", ""price"": 0.24, ""model_prob"": 0.4307, ""edge"": 0.1907}, {""label"": ""76-77\u00b0F"", ""price"": 0.63, ""model_prob"": 0.173, ""edge"": -0.457}, {""label"": ""78-79\u00b0F"", ""price"": 0.07, ""model_prob"": 0.0528, ""edge"": -0.0172}, {""label"": ""80-81\u00b0F"", ""price"": 0.01, ""model_prob"": 0.0054, ""edge"": -0.0046}, {""label"": ""82-83\u00b0F"", ""price"": 0.01, ""model_prob"": 0.0002, ""edge"": -0.0098}, {""label"": ""\u226584\u00b0F"", ""price"": 0.01, ""model_prob"": 0.0, ""edge"": -0.01}]",model probability 7.0% vs market price 14.3% -> edge -7.3% | sigma=1.89F (source: stratum)
2026-09-01T17:25:27.021422+00:00,SFO,KSFO,2026-09-01,68.0,3,66-67°F,0.095,0.13446058630263552,0.03946058630263552,WATCH,0,71.0,≥72°F,0.15,,70-71°F,,2.95,stratum,"[{""label"": ""60-61\u00b0F"", ""price"": 0.0005, ""model_prob"": 0.0159, ""edge"": 0.0154}, {""label"": ""62-63\u00b0F"", ""price"": 0.0005, ""model_prob"": 0.051, ""edge"": 0.0505}, {""label"": ""64-65\u00b0F"", ""price"": 0.02, ""model_prob"": 0.104, ""edge"": 0.084}, {""label"": ""66-67\u00b0F"", ""price"": 0.095, ""model_prob"": 0.1345, ""edge"": 0.0395}, {""label"": ""68-69\u00b0F"", ""price"": 0.535, ""model_prob"": 0.1103, ""edge"": -0.4247}, {""label"": ""70-71\u00b0F"", ""price"": 0.335, ""model_prob"": 0.0574, ""edge"": -0.2776}, {""label"": ""72-73\u00b0F"", ""price"": 0.041, ""model_prob"": 0.0189, ""edge"": -0.0221}, {""label"": ""74-75\u00b0F"", ""price"": 0.005, ""model_prob"": 0.004, ""edge"": -0.001}, {""label"": ""76-77\u00b0F"", ""price"": 0.003, ""model_prob"": 0.0005, ""edge"": -0.0025}]","[{""label"": ""\u226463\u00b0F"", ""price"": 0.01, ""model_prob"": 0.1093, ""edge"": 0.0993}, {""label"": ""64-65\u00b0F"", ""price"": 0.01, ""model_prob"": 0.104, ""edge"": 0.094}, {""label"": ""66-67\u00b0F"", ""price"": 0.61, ""model_prob"": 0.1345, ""edge"": -0.4755}, {""label"": ""68-69\u00b0F"", ""price"": 0.39, ""model_prob"": 0.1103, ""edge"": -0.2797}, {""label"": ""70-71\u00b0F"", ""price"": 0.2, ""model_prob"": 0.0574, ""edge"": -0.1426}, {""label"": ""\u226572\u00b0F"", ""price"": 0.15, ""model_prob"": 0.0344, ""edge"": -0.1156}]",model probability 13.4% vs market price 9.5% -> edge +3.9% | sigma=2.95F (source: stratum)
2026-09-01T17:25:27.378909+00:00,MIA,KMIA,2026-09-01,91.0,2,90-91°F,0.435,0.12115038072347761,-0.3138496192765224,SKIP,0,89.0,91-92°F,0.34,0,88-89°F,89-90°F,3.28,stratum,"[{""label"": ""80-81\u00b0F"", ""price"": 0.0005, ""model_prob"": 0.0012, ""edge"": 0.0007}, {""label"": ""82-83\u00b0F"", ""price"": 0.0005, ""model_prob"": 0.0061, ""edge"": 0.0056}, {""label"": ""84-85\u00b0F"", ""price"": 0.0005, ""model_prob"": 0.0225, ""edge"": 0.022}, {""label"": ""86-87\u00b0F"", ""price"": 0.0005, ""model_prob"": 0.0571, ""edge"": 0.0566}, {""label"": ""88-89\u00b0F"", ""price"": 0.495, ""model_prob"": 0.1, ""edge"": -0.395}, {""label"": ""90-91\u00b0F"", ""price"": 0.435, ""model_prob"": 0.1212, ""edge"": -0.3138}, {""label"": ""92-93\u00b0F"", ""price"": 0.045, ""model_prob"": 0.1015, ""edge"": 0.0565}, {""label"": ""94-95\u00b0F"", ""price"": 0.005, ""model_prob"": 0.0588, ""edge"": 0.0538}, {""label"": ""96-97\u00b0F"", ""price"": 0.0005, ""model_prob"": 0.0235, ""edge"": 0.023}]","[{""label"": ""\u226486\u00b0F"", ""price"": 0.01, ""model_prob"": 0.0832, ""edge"": 0.0732}, {""label"": ""87-88\u00b0F"", ""price"": 0.01, ""model_prob"": 0.0791, ""edge"": 0.0691}, {""label"": ""89-90\u00b0F"", ""price"": 0.57, ""model_prob"": 0.1153, ""edge"": -0.4547}, {""label"": ""91-92\u00b0F"", ""price"": 0.34, ""model_prob"": 0.1161, ""edge"": -0.2239}, {""label"": ""93-94\u00b0F"", ""price"": 0.01, ""model_prob"": 0.0809, ""edge"": 0.0709}, {""label"": ""\u226595\u00b0F"", ""price"": 0.01, ""model_prob"": 0.087, ""edge"": 0.077}]",model probability 12.1% vs market price 43.5% -> edge -31.4% | sigma=3.28F (source: stratum)
2026-09-01T17:25:27.712897+00:00,ORD,KORD,2026-09-01,91.0,3,90-91°F,0.14,0.16702086608862304,0.02702086608862303,WATCH,0,94.0,93-94°F,0.33,1,94-95°F,93-94°F,2.27,stratum,"[{""label"": ""82-83\u00b0F"", ""price"": 0.0005, ""model_prob"": 0.0001, ""edge"": -0.0004}, {""label"": ""84-85\u00b0F"", ""price"": 0.0005, ""model_prob"": 0.0025, ""edge"": 0.002}, {""label"": ""86-87\u00b0F"", ""price"": 0.0005, ""model_prob"": 0.0217, ""edge"": 0.0212}, {""label"": ""88-89\u00b0F"", ""price"": 0.0005, ""model_prob"": 0.0883, ""edge"": 0.0878}, {""label"": ""90-91\u00b0F"", ""price"": 0.14, ""model_prob"": 0.167, ""edge"": 0.027}, {""label"": ""92-93\u00b0F"", ""price"": 0.245, ""model_prob"": 0.1472, ""edge"": -0.0978}, {""label"": ""94-95\u00b0F"", ""price"": 0.61, ""model_prob"": 0.0605, ""edge"": -0.5495}, {""label"": ""96-97\u00b0F"", ""price"": 0.02, ""model_prob"": 0.0116, ""edge"": -0.0084}, {""label"": ""98-99\u00b0F"", ""price"": 0.003, ""model_prob"": 0.001, ""edge"": -0.002}]","[{""label"": ""\u226486\u00b0F"", ""price"": 0.01, ""model_prob"": 0.0114, ""edge"": 0.0014}, {""label"": ""87-88\u00b0F"", ""price"": 0.01, ""model_prob"": 0.0482, ""edge"": 0.0382}, {""label"": ""89-90\u00b0F"", ""price"": 0.01, ""model_prob"": 0.1336, ""edge"": 0.1236}, {""label"": ""91-92\u00b0F"", ""price"": 0.02, ""model_prob"": 0.1725, ""edge"": 0.1525}, {""label"": ""93-94\u00b0F"", ""price"": 0.33, ""model_prob"": 0.1038, ""edge"": -0.2262}, {""label"": ""\u226595\u00b0F"", ""price"": 0.61, ""model_prob"": 0.0458, ""edge"": -0.5642}]",model probability 16.7% vs market price 14.0% -> edge +2.7% | sigma=2.27F (source: stratum)
2026-09-01T17:25:27.974779+00:00,LGA,KLGA,2026-09-01,84.0,3,82-83°F,0.095,0.12507775145744976,0.03007775145744976,WATCH,0,80.0,≤81°F,0.79,,80-81°F,,3.02,stratum,"[{""label"": ""74-75\u00b0F"", ""price"": 0.0005, ""model_prob"": 0.0017, ""edge"": 0.0012}, {""label"": ""76-77\u00b0F"", ""price"": 0.167, ""model_prob"": 0.0095, ""edge"": -0.1575}, {""label"": ""78-79\u00b0F"", ""price"": 0.335, ""model_prob"": 0.0346, ""edge"": -0.3004}, {""label"": ""80-81\u00b0F"", ""price"": 0.44, ""model_prob"": 0.0817, ""edge"": -0.3583}, {""label"": ""82-83\u00b0F"", ""price"": 0.095, ""model_prob"": 0.1251, ""edge"": 0.0301}, {""label"": ""84-85\u00b0F"", ""price"": 0.01, ""model_prob"": 0.124, ""edge"": 0.114}, {""label"": ""86-87\u00b0F"", ""price"": 0.004, ""model_prob"": 0.0796, ""edge"": 0.0756}, {""label"": ""88-89\u00b0F"", ""price"": 0.0045, ""model_prob"": 0.0331, ""edge"": 0.0286}, {""label"": ""90-91\u00b0F"", ""price"": 0.002, ""model_prob"": 0.0089, ""edge"": 0.0069}]","[{""label"": ""\u226481\u00b0F"", ""price"": 0.79, ""model_prob"": 0.2077, ""edge"": -0.5823}, {""label"": ""82-83\u00b0F"", ""price"": 0.03, ""model_prob"": 0.1251, ""edge"": 0.0951}, {""label"": ""84-85\u00b0F"", ""price"": 0.01, ""model_prob"": 0.124, ""edge"": 0.114}, {""label"": ""86-87\u00b0F"", ""price"": 0.04, ""model_prob"": 0.0796, ""edge"": 0.0396}, {""label"": ""88-89\u00b0F"", ""price"": 0.01, ""model_prob"": 0.0331, ""edge"": 0.0231}, {""label"": ""\u226590\u00b0F"", ""price"": 0.01, ""model_prob"": 0.0152, ""edge"": 0.0052}]",model probability 12.5% vs market price 9.5% -> edge +3.0% | sigma=3.02F (source: stratum)
2026-09-02T17:16:58.797707+00:00,LAX,KLAX,2026-09-02,75.0,1,74-75°F,0.15,0.18988707028811103,0.03988707028811103,WATCH,0,76.0,,,,76-77°F,,1.89,stratum,"[{""label"": ""66-67\u00b0F"", ""price"": 0.0005, ""model_prob"": 0.0, ""edge"": -0.0005}, {""label"": ""68-69\u00b0F"", ""price"": 0.0005, ""model_prob"": 0.0004, ""edge"": -0.0001}, {""label"": ""70-71\u00b0F"", ""price"": 0.0005, ""model_prob"": 0.0086, ""edge"": 0.0081}, {""label"": ""72-73\u00b0F"", ""price"": 0.0145, ""model_prob"": 0.0698, ""edge"": 0.0553}, {""label"": ""74-75\u00b0F"", ""price"": 0.15, ""model_prob"": 0.1899, ""edge"": 0.0399}, {""label"": ""76-77\u00b0F"", ""price"": 0.735, ""model_prob"": 0.173, ""edge"": -0.562}, {""label"": ""78-79\u00b0F"", ""price"": 0.11, ""model_prob"": 0.0528, ""edge"": -0.0572}, {""label"": ""80-81\u00b0F"", ""price"": 0.01, ""model_prob"": 0.0054, ""edge"": -0.0046}, {""label"": ""82-83\u00b0F"", ""price"": 0.0055, ""model_prob"": 0.0002, ""edge"": -0.0053}]",,model probability 19.0% vs market price 15.0% -> edge +4.0% | sigma=1.89F (source: stratum)
2026-09-02T17:16:59.341042+00:00,SFO,KSFO,2026-09-02,71.0,3,68-69°F,0.055,0.12515695604335358,0.07015695604335359,GO,0,72.0,,,,72-73°F,,2.95,stratum,"[{""label"": ""64-65\u00b0F"", ""price"": 0.0005, ""model_prob"": 0.0301, ""edge"": 0.0296}, {""label"": ""66-67\u00b0F"", ""price"": 0.0005, ""model_prob"": 0.0771, ""edge"": 0.0766}, {""label"": ""68-69\u00b0F"", ""price"": 0.055, ""model_prob"": 0.1252, ""edge"": 0.0702}, {""label"": ""70-71\u00b0F"", ""price"": 0.37, ""model_prob"": 0.1289, ""edge"": -0.2411}, {""label"": ""72-73\u00b0F"", ""price"": 0.41, ""model_prob"": 0.0842, ""edge"": -0.3258}, {""label"": ""74-75\u00b0F"", ""price"": 0.1595, ""model_prob"": 0.0349, ""edge"": -0.1246}, {""label"": ""76-77\u00b0F"", ""price"": 0.0445, ""model_prob"": 0.0092, ""edge"": -0.0353}, {""label"": ""78-79\u00b0F"", ""price"": 0.0045, ""model_prob"": 0.0015, ""edge"": -0.003}, {""label"": ""80-81\u00b0F"", ""price"": 0.002, ""model_prob"": 0.0002, ""edge"": -0.0018}]",,model probability 12.5% vs market price 5.5% -> edge +7.0% | sigma=2.95F (source: stratum)
2026-09-02T17:16:59.684765+00:00,MIA,KMIA,2026-09-02,89.0,2,90-91°F,0.13,0.10148846069309925,-0.028511539306900757,SKIP,1,89.0,,,,90-91°F,,3.28,stratum,"[{""label"": ""82-83\u00b0F"", ""price"": 0.0005, ""model_prob"": 0.0225, ""edge"": 0.022}, {""label"": ""84-85\u00b0F"", ""price"": 0.0005, ""model_prob"": 0.0571, ""edge"": 0.0566}, {""label"": ""86-87\u00b0F"", ""price"": 0.0005, ""model_prob"": 0.1, ""edge"": 0.0995}, {""label"": ""88-89\u00b0F"", ""price"": 0.815, ""model_prob"": 0.1212, ""edge"": -0.6938}, {""label"": ""90-91\u00b0F"", ""price"": 0.13, ""model_prob"": 0.1015, ""edge"": -0.0285}, {""label"": ""92-93\u00b0F"", ""price"": 0.045, ""model_prob"": 0.0588, ""edge"": 0.0138}, {""label"": ""94-95\u00b0F"", ""price"": 0.005, ""model_prob"": 0.0235, ""edge"": 0.0185}, {""label"": ""96-97\u00b0F"", ""price"": 0.0005, ""model_prob"": 0.0065, ""edge"": 0.006}, {""label"": ""98-99\u00b0F"", ""price"": 0.0005, ""model_prob"": 0.0012, ""edge"": 0.0007}]",,model probability 10.1% vs market price 13.0% -> edge -2.9% | sigma=3.28F (source: stratum)
2026-09-02T17:17:00.014844+00:00,ORD,KORD,2026-09-02,93.0,2,96-97°F,0.145,0.07187310581648143,-0.07312689418351856,SKIP,0,95.0,,,,94-95°F,,3.7,stratum,"[{""label"": ""84-85\u00b0F"", ""price"": 0.0005, ""model_prob"": 0.007, ""edge"": 0.0065}, {""label"": ""86-87\u00b0F"", ""price"": 0.0005, ""model_prob"": 0.0214, ""edge"": 0.0209}, {""label"": ""88-89\u00b0F"", ""price"": 0.0005, ""model_prob"": 0.0487, ""edge"": 0.0482}, {""label"": ""90-91\u00b0F"", ""price"": 0.015, ""model_prob"": 0.083, ""edge"": 0.068}, {""label"": ""92-93\u00b0F"", ""price"": 0.19, ""model_prob"": 0.1058, ""edge"": -0.0842}, {""label"": ""94-95\u00b0F"", ""price"": 0.675, ""model_prob"": 0.1008, ""edge"": -0.5742}, {""label"": ""96-97\u00b0F"", ""price"": 0.145, ""model_prob"": 0.0719, ""edge"": -0.0731}, {""label"": ""98-99\u00b0F"", ""price"": 0.0115, ""model_prob"": 0.0383, ""edge"": 0.0268}, {""label"": ""100-101\u00b0F"", ""price"": 0.003, ""model_prob"": 0.0153, ""edge"": 0.0123}]",,model probability 7.2% vs market price 14.5% -> edge -7.3% | sigma=3.70F (source: stratum)
2026-09-02T17:17:00.260708+00:00,LGA,KLGA,2026-09-02,76.0,2,76-77°F,0.05,0.13868949683028686,0.08868949683028686,GO,0,74.0,,,,74-75°F,,2.65,stratum,"[{""label"": ""70-71\u00b0F"", ""price"": 0.023, ""model_prob"": 0.0265, ""edge"": 0.0035}, {""label"": ""72-73\u00b0F"", ""price"": 0.6, ""model_prob"": 0.0808, ""edge"": -0.5192}, {""label"": ""74-75\u00b0F"", ""price"": 0.33, ""model_prob"": 0.1403, ""edge"": -0.1897}, {""label"": ""76-77\u00b0F"", ""price"": 0.05, ""model_prob"": 0.1387, ""edge"": 0.0887}, {""label"": ""78-79\u00b0F"", ""price"": 0.015, ""model_prob"": 0.0781, ""edge"": 0.0631}, {""label"": ""80-81\u00b0F"", ""price"": 0.003, ""model_prob"": 0.0251, ""edge"": 0.0221}, {""label"": ""82-83\u00b0F"", ""price"": 0.001, ""model_prob"": 0.0046, ""edge"": 0.0036}, {""label"": ""84-85\u00b0F"", ""price"": 0.0015, ""model_prob"": 0.0005, ""edge"": -0.001}, {""label"": ""86-87\u00b0F"", ""price"": 0.0005, ""model_prob"": 0.0, ""edge"": -0.0005}]",,model probability 13.9% vs market price 5.0% -> edge +8.9% | sigma=2.65F (source: stratum)
2026-09-03T17:08:54.307149+00:00,LAX,KLAX,2026-09-03,75.0,2,78-79°F,0.1,0.07607726018252625,-0.023922739817473754,SKIP,0,77.0,74-75°F,0.06,0,76-77°F,78-79°F,3.35,stratum,"[{""label"": ""66-67\u00b0F"", ""price"": 0.0005, ""model_prob"": 0.0038, ""edge"": 0.0033}, {""label"": ""68-69\u00b0F"", ""price"": 0.0005, ""model_prob"": 0.0151, ""edge"": 0.0146}, {""label"": ""70-71\u00b0F"", ""price"": 0.0005, ""model_prob"": 0.0423, ""edge"": 0.0418}, {""label"": ""72-73\u00b0F"", ""price"": 0.02, ""model_prob"": 0.0833, ""edge"": 0.0633}, {""label"": ""74-75\u00b0F"", ""price"": 0.26, ""model_prob"": 0.1151, ""edge"": -0.1449}, {""label"": ""76-77\u00b0F"", ""price"": 0.635, ""model_prob"": 0.1117, ""edge"": -0.5233}, {""label"": ""78-79\u00b0F"", ""price"": 0.1, ""model_prob"": 0.0761, ""edge"": -0.0239}, {""label"": ""80-81\u00b0F"", ""price"": 0.01, ""model_prob"": 0.0364, ""edge"": 0.0264}, {""label"": ""82-83\u00b0F"", ""price"": 0.002, ""model_prob"": 0.0122, ""edge"": 0.0102}]","[{""label"": ""\u226471\u00b0F"", ""price"": 0.01, ""model_prob"": 0.0981, ""edge"": 0.0881}, {""label"": ""72-73\u00b0F"", ""price"": 0.01, ""model_prob"": 0.0833, ""edge"": 0.0733}, {""label"": ""74-75\u00b0F"", ""price"": 0.06, ""model_prob"": 0.1151, ""edge"": 0.0551}, {""label"": ""76-77\u00b0F"", ""price"": 0.73, ""model_prob"": 0.1117, ""edge"": -0.6183}, {""label"": ""78-79\u00b0F"", ""price"": 0.16, ""model_prob"": 0.0761, ""edge"": -0.0839}, {""label"": ""\u226580\u00b0F"", ""price"": 0.02, ""model_prob"": 0.0817, ""edge"": 0.0617}]",model probability 7.6% vs market price 10.0% -> edge -2.4% | sigma=3.35F (source: stratum)
2026-09-03T17:08:54.713963+00:00,SFO,KSFO,2026-09-03,70.0,3,68-69°F,0.11,0.1218813905116013,0.011881390511601295,WATCH,0,71.0,≥74°F,0.12,,70-71°F,,3.25,stratum,"[{""label"": ""62-63\u00b0F"", ""price"": 0.0005, ""model_prob"": 0.0194, ""edge"": 0.0189}, {""label"": ""64-65\u00b0F"", ""price"": 0.0005, ""model_prob"": 0.0521, ""edge"": 0.0516}, {""label"": ""66-67\u00b0F"", ""price"": 0.0165, ""model_prob"": 0.0962, ""edge"": 0.0797}, {""label"": ""68-69\u00b0F"", ""price"": 0.11, ""model_prob"": 0.1219, ""edge"": 0.0119}, {""label"": ""70-71\u00b0F"", ""price"": 0.445, ""model_prob"": 0.1061, ""edge"": -0.3389}, {""label"": ""72-73\u00b0F"", ""price"": 0.365, ""model_prob"": 0.0634, ""edge"": -0.3016}, {""label"": ""74-75\u00b0F"", ""price"": 0.045, ""model_prob"": 0.026, ""edge"": -0.019}, {""label"": ""76-77\u00b0F"", ""price"": 0.016, ""model_prob"": 0.0073, ""edge"": -0.0087}, {""label"": ""78-79\u00b0F"", ""price"": 0.0025, ""model_prob"": 0.0014, ""edge"": -0.0011}]","[{""label"": ""\u226465\u00b0F"", ""price"": 0.01, ""model_prob"": 0.1237, ""edge"": 0.1137}, {""label"": ""66-67\u00b0F"", ""price"": 0.01, ""model_prob"": 0.0962, ""edge"": 0.0862}, {""label"": ""68-69\u00b0F"", ""price"": 0.04, ""model_prob"": 0.1219, ""edge"": 0.0819}, {""label"": ""70-71\u00b0F"", ""price"": 0.27, ""model_prob"": 0.1061, ""edge"": -0.1639}, {""label"": ""72-73\u00b0F"", ""price"": 0.53, ""model_prob"": 0.0634, ""edge"": -0.4666}, {""label"": ""\u226574\u00b0F"", ""price"": 0.12, ""model_prob"": 0.0534, ""edge"": -0.0666}]",model probability 12.2% vs market price 11.0% -> edge +1.2% | sigma=3.25F (source: stratum)
2026-09-03T17:08:55.080053+00:00,MIA,KMIA,2026-09-03,91.0,2,92-93°F,0.365,0.1034831240996299,-0.2615168759003701,SKIP,1,93.0,93-94°F,0.95,1,92-93°F,93-94°F,3.16,stratum,"[{""label"": ""78-79\u00b0F"", ""price"": 0.0005, ""model_prob"": 0.0001, ""edge"": -0.0004}, {""label"": ""80-81\u00b0F"", ""price"": 0.0005, ""model_prob"": 0.0009, ""edge"": 0.0004}, {""label"": ""82-83\u00b0F"", ""price"": 0.0005, ""model_prob"": 0.0052, ""edge"": 0.0047}, {""label"": ""84-85\u00b0F"", ""price"": 0.0005, ""model_prob"": 0.0208, ""edge"": 0.0203}, {""label"": ""86-87\u00b0F"", ""price"": 0.0005, ""model_prob"": 0.0564, ""edge"": 0.0559}, {""label"": ""88-89\u00b0F"", ""price"": 0.0005, ""model_prob"": 0.1027, ""edge"": 0.1022}, {""label"": ""90-91\u00b0F"", ""price"": 0.59, ""model_prob"": 0.1257, ""edge"": -0.4643}, {""label"": ""92-93\u00b0F"", ""price"": 0.365, ""model_prob"": 0.1035, ""edge"": -0.2615}, {""label"": ""94-95\u00b0F"", ""price"": 0.035, ""model_prob"": 0.0573, ""edge"": 0.0223}]","[{""label"": ""\u226486\u00b0F"", ""price"": 0.01, ""model_prob"": 0.0763, ""edge"": 0.0663}, {""label"": ""87-88\u00b0F"", ""price"": 0.01, ""model_prob"": 0.0799, ""edge"": 0.0699}, {""label"": ""89-90\u00b0F"", ""price"": 0.01, ""model_prob"": 0.1194, ""edge"": 0.1094}, {""label"": ""91-92\u00b0F"", ""price"": 0.01, ""model_prob"": 0.1199, ""edge"": 0.1099}, {""label"": ""93-94\u00b0F"", ""price"": 0.95, ""model_prob"": 0.0809, ""edge"": -0.8691}, {""label"": ""\u226595\u00b0F"", ""price"": 0.01, ""model_prob"": 0.0781, ""edge"": 0.0681}]",model probability 10.3% vs market price 36.5% -> edge -26.2% | sigma=3.16F (source: stratum)
2026-09-03T17:08:55.539342+00:00,ORD,KORD,2026-09-03,91.0,3,92-93°F,0.15,0.14926436863335146,-0.0007356313666485315,SKIP,0,90.0,94-95°F,0.05,0,90-91°F,92-93°F,2.29,stratum,"[{""label"": ""80-81\u00b0F"", ""price"": 0.0005, ""model_prob"": 0.0, ""edge"": -0.0005}, {""label"": ""82-83\u00b0F"", ""price"": 0.0005, ""model_prob"": 0.0001, ""edge"": -0.0004}, {""label"": ""84-85\u00b0F"", ""price"": 0.0005, ""model_prob"": 0.0024, ""edge"": 0.0019}, {""label"": ""86-87\u00b0F"", ""price"": 0.2225, ""model_prob"": 0.0208, ""edge"": -0.2017}, {""label"": ""88-89\u00b0F"", ""price"": 0.28, ""model_prob"": 0.085, ""edge"": -0.195}, {""label"": ""90-91\u00b0F"", ""price"": 0.215, ""model_prob"": 0.1639, ""edge"": -0.0511}, {""label"": ""92-93\u00b0F"", ""price"": 0.15, ""model_prob"": 0.1493, ""edge"": -0.0007}, {""label"": ""94-95\u00b0F"", ""price"": 0.085, ""model_prob"": 0.0641, ""edge"": -0.0209}, {""label"": ""96-97\u00b0F"", ""price"": 0.0135, ""model_prob"": 0.013, ""edge"": -0.0005}]","[{""label"": ""\u226487\u00b0F"", ""price"": 0.01, ""model_prob"": 0.0317, ""edge"": 0.0217}, {""label"": ""88-89\u00b0F"", ""price"": 0.01, ""model_prob"": 0.085, ""edge"": 0.075}, {""label"": ""90-91\u00b0F"", ""price"": 0.58, ""model_prob"": 0.1639, ""edge"": -0.4161}, {""label"": ""92-93\u00b0F"", ""price"": 0.31, ""model_prob"": 0.1493, ""edge"": -0.1607}, {""label"": ""94-95\u00b0F"", ""price"": 0.05, ""model_prob"": 0.0641, ""edge"": 0.0141}, {""label"": ""\u226596\u00b0F"", ""price"": 0.01, ""model_prob"": 0.019, ""edge"": 0.009}]",model probability 14.9% vs market price 15.0% -> edge -0.1% | sigma=2.29F (source: stratum)
2026-09-03T17:08:56.039707+00:00,LGA,KLGA,2026-09-03,86.0,3,88-89°F,0.05,0.07723071676574933,0.027230716765749327,WATCH,0,87.0,85-86°F,0.07,0,86-87°F,83-84°F,3.02,stratum,"[{""label"": ""76-77\u00b0F"", ""price"": 0.0005, ""model_prob"": 0.0018, ""edge"": 0.0013}, {""label"": ""78-79\u00b0F"", ""price"": 0.0005, ""model_prob"": 0.0101, ""edge"": 0.0096}, {""label"": ""80-81\u00b0F"", ""price"": 0.0065, ""model_prob"": 0.0363, ""edge"": 0.0298}, {""label"": ""82-83\u00b0F"", ""price"": 0.16, ""model_prob"": 0.0841, ""edge"": -0.0759}, {""label"": ""84-85\u00b0F"", ""price"": 0.575, ""model_prob"": 0.1262, ""edge"": -0.4488}, {""label"": ""86-87\u00b0F"", ""price"": 0.245, ""model_prob"": 0.1227, ""edge"": -0.1223}, {""label"": ""88-89\u00b0F"", ""price"": 0.05, ""model_prob"": 0.0772, ""edge"": 0.0272}, {""label"": ""90-91\u00b0F"", ""price"": 0.004, ""model_prob"": 0.0315, ""edge"": 0.0275}, {""label"": ""92-93\u00b0F"", ""price"": 0.0015, ""model_prob"": 0.0083, ""edge"": 0.0068}]","[{""label"": ""\u226482\u00b0F"", ""price"": 0.44, ""model_prob"": 0.1322, ""edge"": -0.3078}, {""label"": ""83-84\u00b0F"", ""price"": 0.44, ""model_prob"": 0.1087, ""edge"": -0.3313}, {""label"": ""85-86\u00b0F"", ""price"": 0.07, ""model_prob"": 0.1314, ""edge"": 0.0614}, {""label"": ""87-88\u00b0F"", ""price"": 0.01, ""model_prob"": 0.1028, ""edge"": 0.0928}, {""label"": ""89-90\u00b0F"", ""price"": 0.01, ""model_prob"": 0.0521, ""edge"": 0.0421}, {""label"": ""\u226591\u00b0F"", ""price"": 0.01, ""model_prob"": 0.0311, ""edge"": 0.0211}]",model probability 7.7% vs market price 5.0% -> edge +2.7% | sigma=3.02F (source: stratum)
2026-09-04T17:01:16.696023+00:00,LAX,KLAX,2026-09-04,76.0,2,74-75°F,0.105,0.10371867257142825,-0.0012813274285717463,SKIP,,,≥79°F,0.3,,,,3.26,stratum,"[{""label"": ""66-67\u00b0F"", ""price"": 0.0005, ""model_prob"": 0.0013, ""edge"": 0.0008}, {""label"": ""68-69\u00b0F"", ""price"": 0.0005, ""model_prob"": 0.0068, ""edge"": 0.0063}, {""label"": ""70-71\u00b0F"", ""price"": 0.0005, ""model_prob"": 0.0245, ""edge"": 0.024}, {""label"": ""72-73\u00b0F"", ""price"": 0.0165, ""model_prob"": 0.0608, ""edge"": 0.0443}, {""label"": ""74-75\u00b0F"", ""price"": 0.105, ""model_prob"": 0.1037, ""edge"": -0.0013}, {""label"": ""76-77\u00b0F"", ""price"": 0.7, ""model_prob"": 0.1218, ""edge"": -0.5782}, {""label"": ""78-79\u00b0F"", ""price"": 0.19, ""model_prob"": 0.0984, ""edge"": -0.0916}, {""label"": ""80-81\u00b0F"", ""price"": 0.025, ""model_prob"": 0.0548, ""edge"": 0.0298}, {""label"": ""82-83\u00b0F"", ""price"": 0.0115, ""model_prob"": 0.021, ""edge"": 0.0095}]","[{""label"": ""\u226470\u00b0F"", ""price"": 0.01, ""model_prob"": 0.0255, ""edge"": 0.0155}, {""label"": ""71-72\u00b0F"", ""price"": 0.01, ""model_prob"": 0.0405, ""edge"": 0.0305}, {""label"": ""73-74\u00b0F"", ""price"": 0.01, ""model_prob"": 0.0832, ""edge"": 0.0732}, {""label"": ""75-76\u00b0F"", ""price"": 0.04, ""model_prob"": 0.1178, ""edge"": 0.0778}, {""label"": ""77-78\u00b0F"", ""price"": 0.65, ""model_prob"": 0.1147, ""edge"": -0.5353}, {""label"": ""\u226579\u00b0F"", ""price"": 0.3, ""model_prob"": 0.209, ""edge"": -0.091}]",model probability 10.4% vs market price 10.5% -> edge -0.1% | sigma=3.26F (source: stratum)
2026-09-04T17:01:17.263718+00:00,SFO,KSFO,2026-09-04,69.0,3,68-69°F,0.175,0.11845217792335117,-0.056547822076648824,SKIP,,,68-69°F,0.09,,,,3.28,stratum,"[{""label"": ""62-63\u00b0F"", ""price"": 0.0005, ""model_prob"": 0.0332, ""edge"": 0.0327}, {""label"": ""64-65\u00b0F"", ""price"": 0.0085, ""model_prob"": 0.0733, ""edge"": 0.0648}, {""label"": ""66-67\u00b0F"", ""price"": 0.015, ""model_prob"": 0.1121, ""edge"": 0.0971}, {""label"": ""68-69\u00b0F"", ""price"": 0.175, ""model_prob"": 0.1185, ""edge"": -0.0565}, {""label"": ""70-71\u00b0F"", ""price"": 0.645, ""model_prob"": 0.0866, ""edge"": -0.5584}, {""label"": ""72-73\u00b0F"", ""price"": 0.165, ""model_prob"": 0.0437, ""edge"": -0.1213}, {""label"": ""74-75\u00b0F"", ""price"": 0.02, ""model_prob"": 0.0153, ""edge"": -0.0047}, {""label"": ""76-77\u00b0F"", ""price"": 0.0055, ""model_prob"": 0.0037, ""edge"": -0.0018}, {""label"": ""78-79\u00b0F"", ""price"": 0.003, ""model_prob"": 0.0006, ""edge"": -0.0024}]","[{""label"": ""\u226465\u00b0F"", ""price"": 0.01, ""model_prob"": 0.1966, ""edge"": 0.1866}, {""label"": ""66-67\u00b0F"", ""price"": 0.01, ""model_prob"": 0.1121, ""edge"": 0.1021}, {""label"": ""68-69\u00b0F"", ""price"": 0.09, ""model_prob"": 0.1185, ""edge"": 0.0285}, {""label"": ""70-71\u00b0F"", ""price"": 0.55, ""model_prob"": 0.0866, ""edge"": -0.4634}, {""label"": ""72-73\u00b0F"", ""price"": 0.32, ""model_prob"": 0.0437, ""edge"": -0.2763}, {""label"": ""\u226574\u00b0F"", ""price"": 0.02, ""model_prob"": 0.0294, ""edge"": 0.0094}]",model probability 11.8% vs market price 17.5% -> edge -5.7% | sigma=3.28F (source: stratum)
2026-09-04T17:01:17.779618+00:00,MIA,KMIA,2026-09-04,90.0,2,92-93°F,0.155,0.08216112047709367,-0.07283887952290632,SKIP,,,93-94°F,0.11,,,,3.14,stratum,"[{""label"": ""80-81\u00b0F"", ""price"": 0.0005, ""model_prob"": 0.002, ""edge"": 0.0015}, {""label"": ""82-83\u00b0F"", ""price"": 0.0005, ""model_prob"": 0.0102, ""edge"": 0.0097}, {""label"": ""84-85\u00b0F"", ""price"": 0.0005, ""model_prob"": 0.0347, ""edge"": 0.0342}, {""label"": ""86-87\u00b0F"", ""price"": 0.005, ""model_prob"": 0.0788, ""edge"": 0.0738}, {""label"": ""88-89\u00b0F"", ""price"": 0.005, ""model_prob"": 0.1194, ""edge"": 0.1144}, {""label"": ""90-91\u00b0F"", ""price"": 0.84, ""model_prob"": 0.1211, ""edge"": -0.7189}, {""label"": ""92-93\u00b0F"", ""price"": 0.155, ""model_prob"": 0.0822, ""edge"": -0.0728}, {""label"": ""94-95\u00b0F"", ""price"": 0.0135, ""model_prob"": 0.0373, ""edge"": 0.0238}, {""label"": ""96-97\u00b0F"", ""price"": 0.001, ""model_prob"": 0.0113, ""edge"": 0.0103}]","[{""label"": ""\u226486\u00b0F"", ""price"": 0.01, ""model_prob"": 0.1278, ""edge"": 0.1178}, {""label"": ""87-88\u00b0F"", ""price"": 0.01, ""model_prob"": 0.102, ""edge"": 0.092}, {""label"": ""89-90\u00b0F"", ""price"": 0.01, ""model_prob"": 0.1265, ""edge"": 0.1165}, {""label"": ""91-92\u00b0F"", ""price"": 0.88, ""model_prob"": 0.1049, ""edge"": -0.7751}, {""label"": ""93-94\u00b0F"", ""price"": 0.11, ""model_prob"": 0.0582, ""edge"": -0.0518}, {""label"": ""\u226595\u00b0F"", ""price"": 0.01, ""model_prob"": 0.0419, ""edge"": 0.0319}]",model probability 8.2% vs market price 15.5% -> edge -7.3% | sigma=3.14F (source: stratum)
2026-09-04T17:01:18.361782+00:00,ORD,KORD,2026-09-04,93.0,4,84-85°F,0.06,0.003604890930508864,-0.056395109069491134,SKIP,,,≥97°F,0.08,,,,3.28,pooled,"[{""label"": ""80-81\u00b0F"", ""price"": 0.0005, ""model_prob"": 0.0001, ""edge"": -0.0004}, {""label"": ""82-83\u00b0F"", ""price"": 0.0255, ""model_prob"": 0.0006, ""edge"": -0.0249}, {""label"": ""84-85\u00b0F"", ""price"": 0.06, ""model_prob"": 0.0036, ""edge"": -0.0564}, {""label"": ""86-87\u00b0F"", ""price"": 0.115, ""model_prob"": 0.015, ""edge"": -0.1}, {""label"": ""88-89\u00b0F"", ""price"": 0.14, ""model_prob"": 0.0432, ""edge"": -0.0968}, {""label"": ""90-91\u00b0F"", ""price"": 0.185, ""model_prob"": 0.0859, ""edge"": -0.0991}, {""label"": ""92-93\u00b0F"", ""price"": 0.195, ""model_prob"": 0.1182, ""edge"": -0.0768}, {""label"": ""94-95\u00b0F"", ""price"": 0.285, ""model_prob"": 0.1125, ""edge"": -0.1725}, {""label"": ""96-97\u00b0F"", ""price"": 0.025, ""model_prob"": 0.074, ""edge"": 0.049}]","[{""label"": ""\u226488\u00b0F"", ""price"": 0.03, ""model_prob"": 0.0554, ""edge"": 0.0254}, {""label"": ""89-90\u00b0F"", ""price"": 0.15, ""model_prob"": 0.0638, ""edge"": -0.0862}, {""label"": ""91-92\u00b0F"", ""price"": 0.15, ""model_prob"": 0.1055, ""edge"": -0.0445}, {""label"": ""93-94\u00b0F"", ""price"": 0.45, ""model_prob"": 0.1208, ""edge"": -0.3292}, {""label"": ""95-96\u00b0F"", ""price"": 0.08, ""model_prob"": 0.0955, ""edge"": 0.0155}, {""label"": ""\u226597\u00b0F"", ""price"": 0.08, ""model_prob"": 0.1252, ""edge"": 0.0452}]",model probability 0.4% vs market price 6.0% -> edge -5.6% | sigma=3.28F (source: pooled)
2026-09-04T17:01:18.796057+00:00,LGA,KLGA,2026-09-04,85.0,2,88-89°F,0.085,0.045386333902172726,-0.03961366609782728,SKIP,,,86-87°F,0.1,,,,2.63,stratum,"[{""label"": ""74-75\u00b0F"", ""price"": 0.0005, ""model_prob"": 0.0001, ""edge"": -0.0004}, {""label"": ""76-77\u00b0F"", ""price"": 0.0005, ""model_prob"": 0.0017, ""edge"": 0.0012}, {""label"": ""78-79\u00b0F"", ""price"": 0.0005, ""model_prob"": 0.0125, ""edge"": 0.012}, {""label"": ""80-81\u00b0F"", ""price"": 0.0005, ""model_prob"": 0.0509, ""edge"": 0.0504}, {""label"": ""82-83\u00b0F"", ""price"": 0.035, ""model_prob"": 0.1165, ""edge"": 0.0815}, {""label"": ""84-85\u00b0F"", ""price"": 0.36, ""model_prob"": 0.1507, ""edge"": -0.2093}, {""label"": ""86-87\u00b0F"", ""price"": 0.445, ""model_prob"": 0.11, ""edge"": -0.335}, {""label"": ""88-89\u00b0F"", ""price"": 0.085, ""model_prob"": 0.0454, ""edge"": -0.0396}, {""label"": ""90-91\u00b0F"", ""price"": 0.0025, ""model_prob"": 0.0106, ""edge"": 0.0081}]","[{""label"": ""\u226481\u00b0F"", ""price"": 0.01, ""model_prob"": 0.098, ""edge"": 0.088}, {""label"": ""82-83\u00b0F"", ""price"": 0.12, ""model_prob"": 0.1165, ""edge"": -0.0035}, {""label"": ""84-85\u00b0F"", ""price"": 0.77, ""model_prob"": 0.1507, ""edge"": -0.6193}, {""label"": ""86-87\u00b0F"", ""price"": 0.1, ""model_prob"": 0.11, ""edge"": 0.01}, {""label"": ""88-89\u00b0F"", ""price"": 0.01, ""model_prob"": 0.0454, ""edge"": 0.0354}, {""label"": ""\u226590\u00b0F"", ""price"": 0.01, ""model_prob"": 0.0166, ""edge"": 0.0066}]",model probability 4.5% vs market price 8.5% -> edge -4.0% | sigma=2.63F (source: stratum)
